Symbol,Name,거래소(시장),FnGuide Sector,FnGuide Industry Group,FnGuide Industry,한국표준산업분류11차(대분류),한국표준산업분류11차(중분류),한국표준산업분류11차(소분류),신용등급 (채권),신용등급 (CP),최대주주등 주주명-상장협(분기)
A005930,삼성전자,유가증권시장,IT,하드웨어,휴대폰 및 관련부품,제조업,"전자부품, 컴퓨터, 영상, 음향 및 통신장비 제조업",통신 및 방송 장비 제조업,,,이건희외 10인
A000660,SK하이닉스,유가증권시장,IT,반도체,반도체 및 관련장비,제조업,"전자부품, 컴퓨터, 영상, 음향 및 통신장비 제조업",반도체 제조업,AA,A1,에스케이텔레콤(주)외 4인
A005380,현대차,유가증권시장,경기소비재,자동차 및 부품,자동차,제조업,자동차 및 트레일러 제조업,자동차용 엔진 및 자동차 제조업,AAA,NA,현대모비스외 6인
A034020,두산에너빌리티,유가증권시장,에너지,에너지,에너지 시설 및 서비스,제조업,기타 기계 및 장비 제조업,일반 목적용 기계 제조업,BBB+,A3+,(주)두산외 16인
A012450,한화에어로스페이스,유가증권시장,산업재,상업서비스,상업서비스,제조업,기타 운송장비 제조업,"항공기, 우주선 및 부품 제조업",AA,A1,삼성전자외 6인
A000270,기아,유가증권시장,경기소비재,자동차 및 부품,자동차,제조업,자동차 및 트레일러 제조업,자동차용 엔진 및 자동차 제조업,AAA,NA,현대자동차외 3인
A105560,KB금융,유가증권시장,금융,은행,상업은행,금융 및 보험업,금융업,기타 금융업,AAA,A1,국민연금공단
A068270,셀트리온,유가증권시장,의료,제약 및 바이오,바이오,제조업,의료용 물질 및 의약품 제조업,기초 의약 물질 제조업,NA,A1,㈜셀트리온홀딩스외 42인
A035420,NAVER,유가증권시장,IT,소프트웨어,인터넷 서비스,정보통신업,정보서비스업,"자료처리, 호스팅, 포털 및 기타 인터넷 정보매개 서비스업",AA+,NA,국민연금공단
A055550,신한지주,유가증권시장,금융,은행,상업은행,금융 및 보험업,금융업,기타 금융업,AAA,A1,국민연금공단
A042660,한화오션,유가증권시장,산업재,자본재,조선,제조업,기타 운송장비 제조업,선박 및 보트 건조업,A-,A2-,한국산업은행외 2인
A012330,현대모비스,유가증권시장,경기소비재,자동차 및 부품,자동차부품,제조업,자동차 및 트레일러 제조업,자동차 신품 부품 제조업,AA+,NA,기아자동차외 4인
A015760,한국전력,유가증권시장,유틸리티,유틸리티,전력,"전기, 가스, 증기 및 공기조절 공급업","전기, 가스, 증기 및 공기조절 공급업",전기업,AAA,A1,한국산업은행외 1인
A009540,HD한국조선해양,유가증권시장,산업재,자본재,조선,"전문, 과학 및 기술 서비스업",전문 서비스업,회사 본부 및 경영 컨설팅 서비스업,,,정 몽 준외 8인
A032830,삼성생명,유가증권시장,금융,보험,보험,금융 및 보험업,보험업,보험업,,,이건희외 5인
A010130,고려아연,유가증권시장,소재,소재,금속 및 광물,제조업,1차 금속 제조업,1차 비철금속 제조업,AA,A1,㈜영풍외 44인
A035720,카카오,유가증권시장,IT,소프트웨어,인터넷 서비스,정보통신업,정보서비스업,"자료처리, 호스팅, 포털 및 기타 인터넷 정보매개 서비스업",,,김범수외 12인
A051910,LG화학,유가증권시장,소재,소재,화학,제조업,화학물질 및 화학제품 제조업; 의약품 제외,기초 화학물질 제조업,AA+,NA,(주)LG외 4인
A005490,POSCO홀딩스,유가증권시장,소재,소재,금속 및 광물,제조업,1차 금속 제조업,1차 철강 제조업,,,국민연금공단
A086790,하나금융지주,유가증권시장,금융,은행,상업은행,금융 및 보험업,금융업,기타 금융업,AAA,NA,국민연금공단
A006400,삼성SDI,유가증권시장,IT,하드웨어,전자 장비 및 기기,제조업,전기장비 제조업,일차전지 및 이차전지 제조업,AA,NA,삼성전자외 3인
A010140,삼성중공업,유가증권시장,산업재,자본재,조선,제조업,기타 운송장비 제조업,선박 및 보트 건조업,A-,A2-,삼성전자외 8인
A000810,삼성화재,유가증권시장,금융,보험,보험,금융 및 보험업,보험업,보험업,,,삼성생명외 5인
A064350,현대로템,유가증권시장,산업재,운송,운송인프라,제조업,기타 운송장비 제조업,철도장비 제조업,A+,A2+,현대자동차외 1인
A009150,삼성전기,유가증권시장,IT,하드웨어,전자 장비 및 기기,제조업,"전자부품, 컴퓨터, 영상, 음향 및 통신장비 제조업",전자부품 제조업,,,삼성전자외 6인
A003670,포스코퓨처엠,유가증권시장,소재,소재,금속 및 광물,제조업,전기장비 제조업,일차전지 및 이차전지 제조업,AA-,NA,포스코외 1인
A011200,HMM,유가증권시장,산업재,운송,해상운수,운수 및 창고업,수상 운송업,해상 운송업,A-,NA,현대엘리베이터㈜외 24인
A138040,메리츠금융지주,유가증권시장,금융,보험,보험,금융 및 보험업,금융업,기타 금융업,AA,A1,조정호외 9인
A034730,SK,유가증권시장,IT,소프트웨어,IT 서비스,"전문, 과학 및 기술 서비스업",전문 서비스업,회사 본부 및 경영 컨설팅 서비스업,AA+,A1,최태원외 7인
A096770,SK이노베이션,유가증권시장,에너지,에너지,석유 및 가스,제조업,"코크스, 연탄 및 석유정제품 제조업",석유 정제품 제조업,AA,A1,SK(주)외 1인
A024110,기업은행,유가증권시장,금융,은행,상업은행,금융 및 보험업,금융업,은행 및 저축기관,AAA,NA,기획재정부
A033780,KT&G,유가증권시장,필수소비재,음식료 및 담배,담배,제조업,담배 제조업,담배 제조업,AAA,A1,중소기업은행
A066570,LG전자,유가증권시장,IT,디스플레이,디스플레이 및 관련부품,제조업,"전자부품, 컴퓨터, 영상, 음향 및 통신장비 제조업",통신 및 방송 장비 제조업,AA,NA,㈜LG
A010120,LS ELECTRIC,유가증권시장,산업재,자본재,전기장비,제조업,전기장비 제조업,"전동기, 발전기 및 전기 변환ㆍ 공급ㆍ제어 장치 제조업",AA-,A1,(주)LS외 1인
A086520,에코프로,코스닥,IT,하드웨어,전자 장비 및 기기,"전문, 과학 및 기술 서비스업",전문 서비스업,회사 본부 및 경영 컨설팅 서비스업,BBB+,A3+,이동채외 9인
A000150,두산,유가증권시장,산업재,자본재,복합 산업,"전문, 과학 및 기술 서비스업",전문 서비스업,회사 본부 및 경영 컨설팅 서비스업,BBB+,A3+,박용곤외 34인
A086280,현대글로비스,유가증권시장,산업재,운송,육상운수,운수 및 창고업,창고 및 운송관련 서비스업,기타 운송관련 서비스업,AA+,NA,정의선외 5인
A030200,KT,유가증권시장,통신서비스,통신서비스,무선통신,정보통신업,우편 및 통신업,전기 통신업,AAA,A1,국민연금공단
A003550,LG,유가증권시장,산업재,자본재,복합 산업,"전문, 과학 및 기술 서비스업",전문 서비스업,회사 본부 및 경영 컨설팅 서비스업,,,구본무외 37인
A006800,미래에셋증권,유가증권시장,금융,증권,증권,금융 및 보험업,금융 및 보험 관련 서비스업,금융 지원 서비스업,AA,A1,한국산업은행외 1인
A017670,SK텔레콤,유가증권시장,통신서비스,통신서비스,무선통신,정보통신업,우편 및 통신업,전기 통신업,AAA,A1,SK㈜외 3인
A042700,한미반도체,유가증권시장,IT,반도체,반도체 및 관련장비,제조업,기타 기계 및 장비 제조업,특수 목적용 기계 제조업,,,곽동신외 10인
A047810,한국항공우주,유가증권시장,산업재,상업서비스,상업서비스,제조업,기타 운송장비 제조업,"항공기, 우주선 및 부품 제조업",AA-,A1,한국산업은행
A007660,이수페타시스,유가증권시장,IT,하드웨어,전자 장비 및 기기,제조업,"전자부품, 컴퓨터, 영상, 음향 및 통신장비 제조업",전자부품 제조업,BBB,NA,(주)이수외 7인
A003230,삼양식품,유가증권시장,필수소비재,음식료 및 담배,식료품,제조업,식료품 제조업,기타 식품 제조업,A+,A1,내츄럴삼양(주)외 14인
A047050,포스코인터내셔널,유가증권시장,산업재,자본재,무역,도매 및 소매업,도매 및 상품 중개업,상품 중개업,AA-,NA,(주)포스코외 2인
A000100,유한양행,유가증권시장,의료,제약 및 바이오,제약,제조업,의료용 물질 및 의약품 제조업,의약품 제조업,,,유한재단외 2인
A071050,한국금융지주,유가증권시장,금융,증권,증권,금융 및 보험업,금융업,기타 금융업,AA-,A1,김남구외 12인
A010950,S-Oil,유가증권시장,에너지,에너지,석유 및 가스,제조업,"코크스, 연탄 및 석유정제품 제조업",석유 정제품 제조업,AA,NA,A.O.C.B.V외 7인
A180640,한진칼,유가증권시장,산업재,운송,항공운수,"전문, 과학 및 기술 서비스업",전문 서비스업,회사 본부 및 경영 컨설팅 서비스업,A-,NA,조양호외 13인
A010620,HD현대미포,유가증권시장,산업재,자본재,조선,제조업,기타 운송장비 제조업,선박 및 보트 건조업,NA,A2-,현대삼호중공업(주)외 7인
A005830,DB손해보험,유가증권시장,금융,보험,보험,금융 및 보험업,보험업,보험업,,,김남호외 9인
A000720,현대건설,유가증권시장,산업재,자본재,건설,건설업,종합 건설업,토목 건설업,AA-,NA,현대자동차외 5인
A003490,대한항공,유가증권시장,산업재,운송,항공운수,운수 및 창고업,항공 운송업,항공 여객 운송업,A,NA,한진칼외 10인
A161390,한국타이어앤테크놀로지,유가증권시장,경기소비재,자동차 및 부품,자동차부품,제조업,고무 및 플라스틱제품 제조업,고무제품 제조업,AA,A1,한국타이어 월드와이드(주) 외 22인
A039490,키움증권,유가증권시장,금융,증권,증권,금융 및 보험업,금융 및 보험 관련 서비스업,금융 지원 서비스업,AA-,A1,㈜다우기술외 5인
A005940,NH투자증권,유가증권시장,금융,증권,증권,금융 및 보험업,금융 및 보험 관련 서비스업,금융 지원 서비스업,AA+,A1,농협금융지주외 7인
A016360,삼성증권,유가증권시장,금융,증권,증권,금융 및 보험업,금융 및 보험 관련 서비스업,금융 지원 서비스업,AA+,A1,삼성생명보험외 5인
A090430,아모레퍼시픽,유가증권시장,필수소비재,생활용품,개인생활용품,제조업,화학물질 및 화학제품 제조업; 의약품 제외,기타 화학제품 제조업,NA,A1,㈜아모레퍼시픽그룹외 7인
A011070,LG이노텍,유가증권시장,IT,하드웨어,전자 장비 및 기기,제조업,"전자부품, 컴퓨터, 영상, 음향 및 통신장비 제조업",전자부품 제조업,AA-,A1,LG전자㈜외 1인
A029780,삼성카드,유가증권시장,금융,기타금융,소비자 금융,금융 및 보험업,금융업,기타 금융업,AA+,A1,삼성전자외 1인
A032640,LG유플러스,유가증권시장,통신서비스,통신서비스,무선통신,정보통신업,우편 및 통신업,전기 통신업,AA,A1,㈜LG외 2인
A141080,리가켐바이오,코스닥,의료,제약 및 바이오,바이오,"전문, 과학 및 기술 서비스업",연구개발업,자연과학 및 공학 연구개발업,,,김용주외 10인
A000880,한화,유가증권시장,산업재,자본재,복합 산업,제조업,화학물질 및 화학제품 제조업; 의약품 제외,기타 화학제품 제조업,A+,A2+,김승연외 8인
A028300,HLB,코스닥,산업재,자본재,조선,제조업,의료용 물질 및 의약품 제조업,의료용품 및 기타 의약 관련제품 제조업,,,진양곤외 4인
A034220,LG디스플레이,유가증권시장,IT,디스플레이,디스플레이 및 관련부품,제조업,"전자부품, 컴퓨터, 영상, 음향 및 통신장비 제조업",전자부품 제조업,A,NA,LG전자외 1인
A021240,코웨이,유가증권시장,경기소비재,내구 소비재 및 의류,내구소비재,"협회 및 단체, 수리 및 기타 개인 서비스업",기타 개인 서비스업,그 외 기타 개인 서비스업,AA-,A1,코웨이홀딩스(주)외 10인
A006260,LS,유가증권시장,산업재,자본재,전기장비,"전문, 과학 및 기술 서비스업",전문 서비스업,회사 본부 및 경영 컨설팅 서비스업,A+,A2+,구자열외 40인
A128940,한미약품,유가증권시장,의료,제약 및 바이오,제약,제조업,의료용 물질 및 의약품 제조업,의약품 제조업,AA-,NA,한미사이언스(주)외 2인
A000250,삼천당제약,코스닥,의료,제약 및 바이오,제약,제조업,의료용 물질 및 의약품 제조업,의약품 제조업,,,(주)소화외 1인
A078930,GS,유가증권시장,에너지,에너지,석유 및 가스,"전문, 과학 및 기술 서비스업",전문 서비스업,회사 본부 및 경영 컨설팅 서비스업,AA,A1,허창수외 48인
A001040,CJ,유가증권시장,필수소비재,음식료 및 담배,식료품,"전문, 과학 및 기술 서비스업",전문 서비스업,회사 본부 및 경영 컨설팅 서비스업,AA-,A1,이재현외 4인
A066970,엘앤에프,유가증권시장,IT,하드웨어,전자 장비 및 기기,제조업,전기장비 제조업,일차전지 및 이차전지 제조업,BB,NA,(주)새로닉스외 9인
A028050,삼성E&A,유가증권시장,산업재,자본재,건설,"전문, 과학 및 기술 서비스업","건축기술, 엔지니어링 및 기타 과학기술 서비스업","건축기술, 엔지니어링 및 관련 기술 서비스업",,,삼성SDI외 7인
A058470,리노공업,코스닥,IT,반도체,반도체 및 관련장비,제조업,"전자부품, 컴퓨터, 영상, 음향 및 통신장비 제조업",전자부품 제조업,,,이채윤
A009830,한화솔루션,유가증권시장,소재,소재,화학,제조업,화학물질 및 화학제품 제조업; 의약품 제외,기초 화학물질 제조업,AA-,A1,(주)한화외 6인
A175330,JB금융지주,유가증권시장,금융,은행,상업은행,금융 및 보험업,금융업,기타 금융업,AA+,NA,(주)삼양바이오팜외 3인
A138930,BNK금융지주,유가증권시장,금융,은행,상업은행,금융 및 보험업,금융업,기타 금융업,AAA,NA,롯데제과(주)외 8인
A001440,대한전선,유가증권시장,산업재,자본재,전기장비,제조업,전기장비 제조업,절연선 및 케이블 제조업,A,NA,대한광통신(주)외 10인
A004020,현대제철,유가증권시장,소재,소재,금속 및 광물,제조업,1차 금속 제조업,1차 철강 제조업,AA,A1,기아자동차외 8인
A022100,포스코DX,유가증권시장,IT,소프트웨어,IT 서비스,"전문, 과학 및 기술 서비스업","건축기술, 엔지니어링 및 기타 과학기술 서비스업","건축기술, 엔지니어링 및 관련 기술 서비스업",NA,A2+,(주)포스코외 4인
A036570,엔씨소프트,유가증권시장,IT,소프트웨어,게임 소프트웨어,정보통신업,출판업,소프트웨어 개발 및 공급업,AA-,NA,"NEXON CO.,Ltd.외 1인"
A011790,SKC,유가증권시장,소재,소재,화학,제조업,화학물질 및 화학제품 제조업; 의약품 제외,기타 화학제품 제조업,A,A2,SK(주)외 8인
A051900,LG생활건강,유가증권시장,필수소비재,생활용품,가정생활용품,제조업,화학물질 및 화학제품 제조업; 의약품 제외,기타 화학제품 제조업,NA,A1,(주)LG외 1인
A111770,영원무역,유가증권시장,경기소비재,내구 소비재 및 의류,섬유 및 의복,도매 및 소매업,도매 및 상품 중개업,상품 종합 도매업,,,(주)영원무역 홀딩스외 12인
A052690,한전기술,유가증권시장,에너지,에너지,에너지 시설 및 서비스,"전문, 과학 및 기술 서비스업","건축기술, 엔지니어링 및 기타 과학기술 서비스업","건축기술, 엔지니어링 및 관련 기술 서비스업",AA,NA,한국전력공사외 2인
A002380,KCC,유가증권시장,산업재,자본재,건축자재,제조업,화학물질 및 화학제품 제조업; 의약품 제외,기타 화학제품 제조업,AA-,A1,정몽진외 10인
A036460,한국가스공사,유가증권시장,유틸리티,유틸리티,가스,"전기, 가스, 증기 및 공기조절 공급업","전기, 가스, 증기 및 공기조절 공급업",연료용 가스 제조 및 배관공급업,AAA,A1,정부외 2인
A082740,한화엔진,유가증권시장,산업재,자본재,조선,제조업,기타 기계 및 장비 제조업,일반 목적용 기계 제조업,BBB-,NA,두산중공업(주)외 2인
A035250,강원랜드,유가증권시장,경기소비재,소비자 서비스,호텔 및 레저,"예술, 스포츠 및 여가관련 서비스업",스포츠 및 오락관련 서비스업,유원지 및 기타 오락관련 서비스업,,,한국광해관리공단
A018880,한온시스템,유가증권시장,경기소비재,자동차 및 부품,자동차부품,제조업,기타 기계 및 장비 제조업,일반 목적용 기계 제조업,AA-,NA,"VIHI, LLC"
A017800,현대엘리베이터,유가증권시장,산업재,자본재,기계,제조업,기타 기계 및 장비 제조업,일반 목적용 기계 제조업,A,NA,현정은외 20인
A039030,이오테크닉스,코스닥,IT,반도체,반도체 및 관련장비,제조업,기타 기계 및 장비 제조업,특수 목적용 기계 제조업,,,성규동외 11인
A011780,금호석유화학,유가증권시장,소재,소재,화학,제조업,화학물질 및 화학제품 제조업; 의약품 제외,기초 화학물질 제조업,A+,NA,박철완외 3인
A042670,HD현대인프라코어,유가증권시장,산업재,자본재,기계,제조업,기타 기계 및 장비 제조업,특수 목적용 기계 제조업,A,NA,두산중공업외 8인
A011170,롯데케미칼,유가증권시장,소재,소재,화학,제조업,화학물질 및 화학제품 제조업; 의약품 제외,기초 화학물질 제조업,AA-,A1,롯데물산(주)외 3인
A097950,CJ제일제당,유가증권시장,필수소비재,음식료 및 담배,식료품,제조업,식료품 제조업,기타 식품 제조업,AA,A1,CJ주식회사외 6인
A071970,HD현대마린엔진,유가증권시장,산업재,자본재,조선,제조업,기타 기계 및 장비 제조업,일반 목적용 기계 제조업,,,한국산업은행
A004990,롯데지주,유가증권시장,필수소비재,음식료 및 담배,식료품,"전문, 과학 및 기술 서비스업",전문 서비스업,회사 본부 및 경영 컨설팅 서비스업,A+,A2+,롯데알미늄㈜외 11인
A012750,에스원,유가증권시장,산업재,상업서비스,상업서비스,"사업시설 관리, 사업 지원 및 임대 서비스업",사업지원 서비스업,"경비, 경호 및 탐정업",,,SECOM(주)
A000990,DB하이텍,유가증권시장,IT,반도체,반도체 및 관련장비,제조업,"전자부품, 컴퓨터, 영상, 음향 및 통신장비 제조업",반도체 제조업,,,동부씨엔아이외 9인
A103140,풍산,유가증권시장,소재,소재,금속 및 광물,제조업,1차 금속 제조업,1차 비철금속 제조업,A+,A2+,(주)풍산홀딩스외 2인
A103590,일진전기,유가증권시장,산업재,자본재,전기장비,제조업,전기장비 제조업,절연선 및 케이블 제조업,,,일진홀딩스(주)외 4인
A026960,동서,유가증권시장,필수소비재,음식료 및 담배,식료품,도매 및 소매업,도매 및 상품 중개업,음ㆍ식료품 및 담배 도매업,,,김상헌외 24인
A068760,셀트리온제약,코스닥,의료,제약 및 바이오,제약,제조업,의료용 물질 및 의약품 제조업,의약품 제조업,,,주식회사 셀트리온외 17인
A088350,한화생명,유가증권시장,금융,보험,보험,금융 및 보험업,보험업,보험업,,,한화건설외 4인
A012510,더존비즈온,유가증권시장,IT,소프트웨어,일반 소프트웨어,정보통신업,"컴퓨터 프로그래밍, 시스템 통합 및 관리업","컴퓨터 프로그래밍, 시스템 통합 및 관리업",,,김용우외 44인
A009970,영원무역홀딩스,유가증권시장,경기소비재,내구 소비재 및 의류,섬유 및 의복,"전문, 과학 및 기술 서비스업",전문 서비스업,회사 본부 및 경영 컨설팅 서비스업,,,성기학외 7인
A030000,제일기획,유가증권시장,경기소비재,미디어,미디어,"전문, 과학 및 기술 서비스업",전문 서비스업,광고업,,,삼성물산외 7인
A001450,현대해상,유가증권시장,금융,보험,보험,금융 및 보험업,보험업,보험업,,,정몽윤외 4인
A004370,농심,유가증권시장,필수소비재,음식료 및 담배,식료품,제조업,식료품 제조업,기타 식품 제조업,,,농심홀딩스외 3인
A014680,한솔케미칼,유가증권시장,소재,소재,화학,제조업,화학물질 및 화학제품 제조업; 의약품 제외,기초 화학물질 제조업,A+,NA,조동혁외 5인
A008930,한미사이언스,유가증권시장,의료,제약 및 바이오,제약,"전문, 과학 및 기술 서비스업",전문 서비스업,회사 본부 및 경영 컨설팅 서비스업,AA-,NA,임성기외 23인
A081660,미스토홀딩스,유가증권시장,경기소비재,내구 소비재 및 의류,섬유 및 의복,도매 및 소매업,도매 및 상품 중개업,생활용품 도매업,,,윤윤수외 4인
A000240,한국앤컴퍼니,유가증권시장,경기소비재,자동차 및 부품,자동차부품,"전문, 과학 및 기술 서비스업",전문 서비스업,회사 본부 및 경영 컨설팅 서비스업,,,조양래외 12인
A004170,신세계,유가증권시장,경기소비재,유통,백화점,도매 및 소매업,소매업; 자동차 제외,종합 소매업,AA,A1,이명희외 4인
A051600,한전KPS,유가증권시장,유틸리티,유틸리티,전력,건설업,전문직별 공사업,전기 및 통신 공사업,AA,NA,한국전력공사
A035900,JYP Ent.,코스닥,경기소비재,미디어,미디어,정보통신업,영상ㆍ오디오 기록물 제작 및 배급업,오디오물 출판 및 원판 녹음업,,,박진영외 3인
A001720,신영증권,유가증권시장,금융,증권,증권,금융 및 보험업,금융 및 보험 관련 서비스업,금융 지원 서비스업,AA-,A1,원국희외 18인
A041510,에스엠,코스닥,경기소비재,미디어,미디어,정보통신업,영상ㆍ오디오 기록물 제작 및 배급업,오디오물 출판 및 원판 녹음업,,,이수만
A030530,원익홀딩스,코스닥,IT,반도체,반도체 및 관련장비,제조업,화학물질 및 화학제품 제조업; 의약품 제외,기초 화학물질 제조업,,,(주)원익외 11인
A139130,iM금융지주,유가증권시장,금융,은행,상업은행,금융 및 보험업,금융업,기타 금융업,AAA,NA,삼성생명보험
A039200,오스코텍,코스닥,필수소비재,음식료 및 담배,식료품,제조업,의료용 물질 및 의약품 제조업,의약품 제조업,,,김정근외 6인
A003690,코리안리,유가증권시장,금융,보험,보험,금융 및 보험업,보험업,재 보험업,,,원혁희외 7인
A139480,이마트,유가증권시장,경기소비재,유통,백화점,도매 및 소매업,소매업; 자동차 제외,종합 소매업,AA-,A1,이명희외 4인
A095340,ISC,코스닥,IT,반도체,반도체 및 관련장비,도매 및 소매업,도매 및 상품 중개업,기계장비 및 관련 물품 도매업,,,정영배외 6인
A009420,한올바이오파마,유가증권시장,의료,제약 및 바이오,제약,제조업,의료용 물질 및 의약품 제조업,의약품 제조업,,,김성욱외 9인
A004800,효성,유가증권시장,산업재,자본재,복합 산업,금융 및 보험업,금융업,기타 금융업,NA,A2,조현준외 7인
A018670,SK가스,유가증권시장,에너지,에너지,석유 및 가스,도매 및 소매업,도매 및 상품 중개업,기타 전문 도매업,AA-,A1,SK케미칼(주)외 4인
A097230,HJ중공업,유가증권시장,산업재,자본재,조선,건설업,종합 건설업,토목 건설업,,,(주)한진중공업홀딩스외 6인
A002790,아모레퍼시픽홀딩스,유가증권시장,필수소비재,생활용품,개인생활용품,제조업,화학물질 및 화학제품 제조업; 의약품 제외,기타 화학제품 제조업,,,서경배외 8인
A000120,CJ대한통운,유가증권시장,산업재,운송,육상운수,운수 및 창고업,육상운송 및 파이프라인 운송업,도로 화물 운송업,AA-,A1,CJ제일제당(주)외 1인
A140410,메지온,코스닥,의료,제약 및 바이오,제약,"전문, 과학 및 기술 서비스업",연구개발업,자연과학 및 공학 연구개발업,,,동아쏘시오홀딩스외 3인
A028670,팬오션,유가증권시장,산업재,운송,해상운수,운수 및 창고업,수상 운송업,해상 운송업,A,NA,한국산업은행
A069960,현대백화점,유가증권시장,경기소비재,유통,백화점,도매 및 소매업,소매업; 자동차 제외,종합 소매업,AA+,A1,정지선외 3인
A069620,대웅제약,유가증권시장,의료,제약 및 바이오,제약,제조업,의료용 물질 및 의약품 제조업,의약품 제조업,A+,NA,(주)대웅외 11인
A023530,롯데쇼핑,유가증권시장,경기소비재,유통,백화점,도매 및 소매업,소매업; 자동차 제외,종합 소매업,AA-,A1,신동빈외 18인
A005850,에스엘,유가증권시장,경기소비재,자동차 및 부품,자동차부품,제조업,자동차 및 트레일러 제조업,자동차 신품 부품 제조업,,,이성엽외 7인
A083650,비에이치아이,코스닥,산업재,자본재,기계,제조업,기타 기계 및 장비 제조업,일반 목적용 기계 제조업,,,박은미외 6인
A005290,동진쎄미켐,코스닥,IT,반도체,반도체 및 관련장비,제조업,화학물질 및 화학제품 제조업; 의약품 제외,기초 화학물질 제조업,,,(주)동진홀딩스외 3인
A010060,OCI홀딩스,유가증권시장,에너지,에너지,에너지 시설 및 서비스,"전문, 과학 및 기술 서비스업",전문 서비스업,회사 본부 및 경영 컨설팅 서비스업,A+,A2+,이수영외 22인
A006040,동원산업,유가증권시장,필수소비재,음식료 및 담배,식료품,"전문, 과학 및 기술 서비스업",전문 서비스업,회사 본부 및 경영 컨설팅 서비스업,AA-,A1,동원엔터프라이즈외 4인
A060370,LS마린솔루션,코스닥,산업재,자본재,건설,건설업,전문직별 공사업,전기 및 통신 공사업,,,(주)케이티외 2인
A006280,녹십자,유가증권시장,의료,제약 및 바이오,제약,제조업,의료용 물질 및 의약품 제조업,의약품 제조업,A+,NA,녹십자홀딩스외 18인
A020150,롯데에너지머티리얼즈,유가증권시장,IT,하드웨어,전자 장비 및 기기,제조업,"전자부품, 컴퓨터, 영상, 음향 및 통신장비 제조업",전자부품 제조업,,,허재명외 3인
A032350,롯데관광개발,유가증권시장,경기소비재,소비자 서비스,호텔 및 레저,"사업시설 관리, 사업 지원 및 임대 서비스업",사업지원 서비스업,여행사 및 기타 여행보조 서비스업,,,김기병외 4인
A023590,다우기술,유가증권시장,IT,소프트웨어,IT 서비스,정보통신업,정보서비스업,"자료처리, 호스팅, 포털 및 기타 인터넷 정보매개 서비스업",A,NA,(주)다우데이타외 10인
A007070,GS리테일,유가증권시장,경기소비재,유통,도소매,도매 및 소매업,소매업; 자동차 제외,종합 소매업,AA,A1,(주)GS
A098460,고영,코스닥,IT,하드웨어,전자 장비 및 기기,제조업,기타 기계 및 장비 제조업,특수 목적용 기계 제조업,,,고광일외 7인
A011210,현대위아,유가증권시장,경기소비재,자동차 및 부품,자동차부품,제조업,자동차 및 트레일러 제조업,자동차 신품 부품 제조업,AA-,NA,현대자동차외 3인
A008770,호텔신라,유가증권시장,경기소비재,소비자 서비스,호텔 및 레저,도매 및 소매업,소매업; 자동차 제외,기타 상품 전문 소매업,AA-,NA,삼성생명외 5인
A006360,GS건설,유가증권시장,산업재,자본재,건설,건설업,종합 건설업,건물 건설업,A,A2,허창수외 19인
A065350,신성델타테크,코스닥,경기소비재,내구 소비재 및 의류,내구소비재,제조업,전기장비 제조업,가정용 기기 제조업,,,구자천외 8인
A073240,금호타이어,유가증권시장,경기소비재,자동차 및 부품,자동차부품,제조업,고무 및 플라스틱제품 제조업,고무제품 제조업,A,NA,(주)우리은행
A084370,유진테크,코스닥,IT,반도체,반도체 및 관련장비,제조업,기타 기계 및 장비 제조업,특수 목적용 기계 제조업,,,엄평용외 14인
A005070,코스모신소재,유가증권시장,IT,하드웨어,컴퓨터 및 주변기기,제조업,화학물질 및 화학제품 제조업; 의약품 제외,기타 화학제품 제조업,,,코스모화학(주)외 1인
A064760,티씨케이,코스닥,IT,반도체,반도체 및 관련장비,제조업,비금속 광물제품 제조업,기타 비금속 광물제품 제조업,,,"TOKAI CARBON CO.,LTD"
A020560,아시아나항공,유가증권시장,산업재,운송,항공운수,운수 및 창고업,항공 운송업,항공 여객 운송업,,,금호산업외 3인
A034230,파라다이스,유가증권시장,경기소비재,소비자 서비스,호텔 및 레저,"예술, 스포츠 및 여가관련 서비스업",스포츠 및 오락관련 서비스업,유원지 및 기타 오락관련 서비스업,A,NA,(주)파라다이스 글로벌외 11인
A058610,에스피지,코스닥,산업재,자본재,전기장비,제조업,전기장비 제조업,"전동기, 발전기 및 전기 변환ㆍ 공급ㆍ제어 장치 제조업",,,이준호외 6인
A067310,하나마이크론,코스닥,IT,반도체,반도체 및 관련장비,제조업,"전자부품, 컴퓨터, 영상, 음향 및 통신장비 제조업",반도체 제조업,BBB,NA,최창호외 4인
A003570,SNT다이내믹스,유가증권시장,경기소비재,자동차 및 부품,자동차부품,제조업,자동차 및 트레일러 제조업,자동차 신품 부품 제조업,,,(주)S&T홀딩스
A007340,DN오토모티브,유가증권시장,경기소비재,자동차 및 부품,자동차부품,제조업,전기장비 제조업,일차전지 및 이차전지 제조업,A,A2,김만수외 4인
A047040,대우건설,유가증권시장,산업재,자본재,건설,건설업,종합 건설업,건물 건설업,A,A2,케이디비밸류제육호외 2인
A089030,테크윙,코스닥,IT,반도체,반도체 및 관련장비,제조업,기타 기계 및 장비 제조업,특수 목적용 기계 제조업,,,(주)테크윙외 3인
A001430,세아베스틸지주,유가증권시장,소재,소재,금속 및 광물,제조업,1차 금속 제조업,1차 철강 제조업,A+,A2+,(주)세아홀딩스외 5인
A007310,오뚜기,유가증권시장,필수소비재,음식료 및 담배,식료품,제조업,식료품 제조업,기타 식품 제조업,NA,A1,함태호외 26인
A017960,한국카본,유가증권시장,소재,소재,화학,제조업,금속가공제품 제조업; 기계 및 가구 제외,"구조용 금속제품, 탱크 및 증기발생기 제조업",,,조문수외 5인
A077970,STX엔진,유가증권시장,산업재,자본재,조선,제조업,기타 기계 및 장비 제조업,일반 목적용 기계 제조업,,,(주)STX
A161890,한국콜마,유가증권시장,필수소비재,생활용품,개인생활용품,제조업,화학물질 및 화학제품 제조업; 의약품 제외,기타 화학제품 제조업,A,A2,한국콜마 홀딩스(주)외 11인
A003540,대신증권,유가증권시장,금융,증권,증권,금융 및 보험업,금융 및 보험 관련 서비스업,금융 지원 서비스업,AA-,A1,양홍석외 7인
A007390,네이처셀,코스닥,필수소비재,음식료 및 담배,음료,제조업,의료용 물질 및 의약품 제조업,기초 의약 물질 제조업,,,"바이오스타코리아 (구, (주)케이내츄럴 )"
A003090,대웅,유가증권시장,의료,제약 및 바이오,제약,제조업,의료용 물질 및 의약품 제조업,의약품 제조업,,,윤재승외 19인
A000500,가온전선,유가증권시장,산업재,자본재,전기장비,제조업,전기장비 제조업,절연선 및 케이블 제조업,A,A2,구자홍외 17인
A035760,CJ ENM,코스닥,경기소비재,유통,온라인쇼핑,정보통신업,방송 및 영상·오디오물 제공 서비스업,텔레비전 방송업,AA-,A1,CJ(주)외 4인
A001800,오리온홀딩스,유가증권시장,필수소비재,음식료 및 담배,식료품,금융 및 보험업,금융업,기타 금융업,NA,A1,이화경외 7인
A005440,현대지에프홀딩스,유가증권시장,경기소비재,소비자 서비스,호텔 및 레저,"전문, 과학 및 기술 서비스업",전문 서비스업,회사 본부 및 경영 컨설팅 서비스업,AA+,A1,정교선외 3인
A036930,주성엔지니어링,코스닥,IT,반도체,반도체 및 관련장비,제조업,기타 기계 및 장비 제조업,특수 목적용 기계 제조업,,,황철주외 4인
A000080,하이트진로,유가증권시장,필수소비재,음식료 및 담배,음료,제조업,음료 제조업,알코올음료 제조업,A+,A2+,하이트진로 홀딩스(주)외 18인
A000670,영풍,유가증권시장,소재,소재,금속 및 광물,제조업,1차 금속 제조업,1차 비철금속 제조업,,,장 세 준외 14인
A001120,LX인터내셔널,유가증권시장,산업재,자본재,무역,도매 및 소매업,도매 및 상품 중개업,상품 중개업,AA-,NA,구본준외 43인
A096530,씨젠,코스닥,의료,제약 및 바이오,바이오,제조업,의료용 물질 및 의약품 제조업,의료용품 및 기타 의약 관련제품 제조업,,,천종윤외 22인
A005300,롯데칠성,유가증권시장,필수소비재,음식료 및 담배,음료,제조업,음료 제조업,비알코올음료 및 얼음 제조업,AA,A1,신격호외 7인
A120110,코오롱인더,유가증권시장,소재,소재,화학,제조업,화학물질 및 화학제품 제조업; 의약품 제외,화학섬유 제조업,A,A2,㈜코오롱외 19인
A082270,젬백스,코스닥,IT,반도체,반도체 및 관련장비,제조업,기타 기계 및 장비 제조업,특수 목적용 기계 제조업,,,(주)젬앤컴퍼니외 4인
A071320,지역난방공사,유가증권시장,유틸리티,유틸리티,가스,"전기, 가스, 증기 및 공기조절 공급업","전기, 가스, 증기 및 공기조절 공급업","증기, 냉ㆍ온수 및 공기조절 공급업",AAA,A1,정부(산업통상자원부)외 3인
A100090,SK오션플랜트,유가증권시장,소재,소재,금속 및 광물,제조업,1차 금속 제조업,1차 철강 제조업,,,송 무 석 외 6인
A004000,롯데정밀화학,유가증권시장,소재,소재,화학,제조업,화학물질 및 화학제품 제조업; 의약품 제외,기초 화학물질 제조업,,,삼성SDI외 8인
A185750,종근당,유가증권시장,의료,제약 및 바이오,제약,제조업,의료용 물질 및 의약품 제조업,의약품 제조업,AA-,NA,이장한외 10인
A085660,차바이오텍,코스닥,의료,의료장비 및 서비스,의료 장비 및 서비스,제조업,의료용 물질 및 의약품 제조업,기초 의약 물질 제조업,,,차광렬외 16인
A122870,와이지엔터테인먼트,코스닥,경기소비재,미디어,미디어,정보통신업,영상ㆍ오디오 기록물 제작 및 배급업,오디오물 출판 및 원판 녹음업,,,양현석외 5인
A078600,대주전자재료,코스닥,IT,하드웨어,전자 장비 및 기기,제조업,"전자부품, 컴퓨터, 영상, 음향 및 통신장비 제조업",전자부품 제조업,,,임무현외 9인
A030610,교보증권,유가증권시장,금융,증권,증권,금융 및 보험업,금융 및 보험 관련 서비스업,금융 지원 서비스업,AA-,A1,교보생명보험(주)외 4인
A012630,HDC,유가증권시장,산업재,자본재,건설,금융 및 보험업,금융업,기타 금융업,A,NA,정몽규외 7인
A006120,SK디스커버리,유가증권시장,소재,소재,화학,"전문, 과학 및 기술 서비스업",전문 서비스업,회사 본부 및 경영 컨설팅 서비스업,A+,A2+,최창원외 11인
A009240,한샘,유가증권시장,경기소비재,내구 소비재 및 의류,내구소비재,도매 및 소매업,도매 및 상품 중개업,생활용품 도매업,,,조창걸외 22인
A082640,동양생명,유가증권시장,금융,보험,보험,금융 및 보험업,보험업,보험업,,,(유)보고제이의일호투자목적회사외 4인
A030190,NICE평가정보,유가증권시장,산업재,상업서비스,상업서비스,정보통신업,정보서비스업,기타 정보 서비스업,,,NICE홀딩스
A001740,SK네트웍스,유가증권시장,산업재,자본재,복합 산업,도매 및 소매업,도매 및 상품 중개업,기타 전문 도매업,AA-,A1,SK(주)외 4인
A079160,CJ CGV,유가증권시장,경기소비재,미디어,미디어,정보통신업,영상ㆍ오디오 기록물 제작 및 배급업,"영화, 비디오물, 방송프로그램 제작 및 배급업",A-,A2-,씨제이(주)외 1인
A003530,한화투자증권,유가증권시장,금융,증권,증권,금융 및 보험업,금융 및 보험 관련 서비스업,금융 지원 서비스업,AA-,A1,한화첨단소재외 5인
A101490,에스앤에스텍,코스닥,IT,반도체,반도체 및 관련장비,제조업,"전자부품, 컴퓨터, 영상, 음향 및 통신장비 제조업",전자부품 제조업,,,정수홍외 6인
A137400,피엔티,코스닥,IT,디스플레이,디스플레이 및 관련부품,제조업,기타 기계 및 장비 제조업,특수 목적용 기계 제조업,,,김준섭외 4인
A006650,대한유화,유가증권시장,소재,소재,화학,제조업,화학물질 및 화학제품 제조업; 의약품 제외,기초 화학물질 제조업,,,이 순 규외 15인
A181710,NHN,유가증권시장,IT,소프트웨어,게임 소프트웨어,정보통신업,출판업,소프트웨어 개발 및 공급업,,,이준호외 15인
A036530,SNT홀딩스,유가증권시장,경기소비재,자동차 및 부품,자동차부품,"전문, 과학 및 기술 서비스업",전문 서비스업,회사 본부 및 경영 컨설팅 서비스업,,,최평규외 7인
A005690,파미셀,유가증권시장,의료,제약 및 바이오,바이오,제조업,의료용 물질 및 의약품 제조업,기초 의약 물질 제조업,,,김현수외 4인
A004490,세방전지,유가증권시장,경기소비재,자동차 및 부품,자동차부품,제조업,전기장비 제조업,일차전지 및 이차전지 제조업,,,세방(주)외 6인
A064960,SNT모티브,유가증권시장,경기소비재,자동차 및 부품,자동차부품,제조업,자동차 및 트레일러 제조업,자동차 신품 부품 제조업,,,(주)S&T홀딩스외 2인
A003240,태광산업,유가증권시장,소재,소재,화학,제조업,화학물질 및 화학제품 제조업; 의약품 제외,화학섬유 제조업,,,이호진외 14인
A112040,위메이드,코스닥,IT,소프트웨어,게임 소프트웨어,정보통신업,출판업,소프트웨어 개발 및 공급업,,,박관호외 5인
A031980,피에스케이홀딩스,코스닥,IT,반도체,반도체 및 관련장비,제조업,기타 기계 및 장비 제조업,특수 목적용 기계 제조업,,,(주)금영외 2인
A086900,메디톡스,코스닥,의료,제약 및 바이오,제약,제조업,의료용 물질 및 의약품 제조업,기초 의약 물질 제조업,,,정현호외 8인
A100840,SNT에너지,유가증권시장,에너지,에너지,에너지 시설 및 서비스,제조업,기타 기계 및 장비 제조업,일반 목적용 기계 제조업,,,S&T모티브(주)외 1인
A114090,GKL,유가증권시장,경기소비재,소비자 서비스,호텔 및 레저,"예술, 스포츠 및 여가관련 서비스업",스포츠 및 오락관련 서비스업,유원지 및 기타 오락관련 서비스업,,,한국관광공사
A007810,코리아써키트,유가증권시장,IT,하드웨어,전자 장비 및 기기,제조업,"전자부품, 컴퓨터, 영상, 음향 및 통신장비 제조업",전자부품 제조업,,,(주)영풍외 7인
A108320,LX세미콘,유가증권시장,IT,디스플레이,디스플레이 및 관련부품,제조업,"전자부품, 컴퓨터, 영상, 음향 및 통신장비 제조업",반도체 제조업,,,(주)LG외 4인
A056190,에스에프에이,코스닥,IT,디스플레이,디스플레이 및 관련부품,제조업,기타 기계 및 장비 제조업,특수 목적용 기계 제조업,,,㈜디와이에셋외 4인
A093370,후성,유가증권시장,소재,소재,화학,제조업,화학물질 및 화학제품 제조업; 의약품 제외,기초 화학물질 제조업,,,김용민외 6인
A000210,DL,유가증권시장,산업재,자본재,건설,제조업,화학물질 및 화학제품 제조업; 의약품 제외,기초 화학물질 제조업,A+,NA,㈜대림코퍼레이션외 17인
A006730,서부T&D,코스닥,산업재,운송,운송인프라,숙박 및 음식점업,숙박업,일반 및 생활 숙박시설 운영업,,,(주)엠와이에이치 외 18인
A036830,솔브레인홀딩스,코스닥,IT,반도체,반도체 및 관련장비,"전문, 과학 및 기술 서비스업",전문 서비스업,회사 본부 및 경영 컨설팅 서비스업,,,정지완외 10인
A009450,경동나비엔,유가증권시장,경기소비재,내구 소비재 및 의류,내구소비재,제조업,전기장비 제조업,가정용 기기 제조업,,,(주)경동원외 1인
A131970,두산테스나,코스닥,IT,반도체,반도체 및 관련장비,"전문, 과학 및 기술 서비스업","기타 전문, 과학 및 기술 서비스업","그 외 기타 전문, 과학 및 기술 서비스업",,,이종도외 9인
A086450,동국제약,코스닥,의료,제약 및 바이오,제약,제조업,의료용 물질 및 의약품 제조업,의약품 제조업,,,권기범외 7인
A014820,동원시스템즈,유가증권시장,산업재,자본재,복합 산업,제조업,고무 및 플라스틱제품 제조업,플라스틱제품 제조업,A+,NA,동원엔터프라이즈외 3인
A007700,F&F홀딩스,유가증권시장,경기소비재,내구 소비재 및 의류,섬유 및 의복,"전문, 과학 및 기술 서비스업",전문 서비스업,회사 본부 및 경영 컨설팅 서비스업,,,김창수외 10인
A082920,비츠로셀,코스닥,IT,하드웨어,전자 장비 및 기기,제조업,전기장비 제조업,일차전지 및 이차전지 제조업,,,비츠로테크외 8인
A032190,다우데이타,코스닥,IT,소프트웨어,일반 소프트웨어,도매 및 소매업,도매 및 상품 중개업,기계장비 및 관련 물품 도매업,A,NA,김익래외 6인
A067160,SOOP,코스닥,IT,소프트웨어,인터넷 서비스,정보통신업,출판업,소프트웨어 개발 및 공급업,,,(주)쎄인트인터내셔널외 1인
A090360,로보스타,코스닥,산업재,자본재,기계,제조업,기타 기계 및 장비 제조업,특수 목적용 기계 제조업,,,김정호외 3인
A000640,동아쏘시오홀딩스,유가증권시장,의료,제약 및 바이오,제약,"전문, 과학 및 기술 서비스업",전문 서비스업,회사 본부 및 경영 컨설팅 서비스업,A,A1,강정석외 24인
A069260,TKG휴켐스,유가증권시장,소재,소재,화학,제조업,화학물질 및 화학제품 제조업; 의약품 제외,기타 화학제품 제조업,A+,NA,태광실업㈜외 5인
A005250,녹십자홀딩스,유가증권시장,의료,제약 및 바이오,제약,"전문, 과학 및 기술 서비스업",전문 서비스업,회사 본부 및 경영 컨설팅 서비스업,A+,NA,허일섭외 25인
A033500,동성화인텍,코스닥,소재,소재,화학,제조업,화학물질 및 화학제품 제조업; 의약품 제외,기초 화학물질 제조업,,,동성홀딩스외 1인
A003850,보령,유가증권시장,의료,제약 및 바이오,제약,제조업,의료용 물질 및 의약품 제조업,의약품 제조업,A,NA,(주)보령외 4인
A002350,넥센타이어,유가증권시장,경기소비재,자동차 및 부품,자동차부품,제조업,고무 및 플라스틱제품 제조업,고무제품 제조업,A,A2,(주)넥센외 2인
A003470,유안타증권,유가증권시장,금융,증권,증권,금융 및 보험업,금융 및 보험 관련 서비스업,금융 지원 서비스업,AA-,A1,Yuanta Securities Asia Financial Services Limited 외 2인
A019170,신풍제약,유가증권시장,의료,제약 및 바이오,제약,제조업,의료용 물질 및 의약품 제조업,의약품 제조업,,,장원준외 13인
A039130,하나투어,유가증권시장,경기소비재,소비자 서비스,호텔 및 레저,"사업시설 관리, 사업 지원 및 임대 서비스업",사업지원 서비스업,여행사 및 기타 여행보조 서비스업,,,박상환외 18인
A008730,율촌화학,유가증권시장,소재,소재,용기 및 포장,제조업,고무 및 플라스틱제품 제조업,플라스틱제품 제조업,,,㈜농심 홀딩스외 5인
A001680,대상,유가증권시장,필수소비재,음식료 및 담배,식료품,제조업,식료품 제조업,기타 식품 제조업,AA-,NA,임창욱외 4인
A003620,KG모빌리티,유가증권시장,경기소비재,자동차 및 부품,자동차,제조업,자동차 및 트레일러 제조업,자동차용 엔진 및 자동차 제조업,BB,NA,Mahindra & Mahindra Ltd
A002030,아세아,유가증권시장,소재,소재,건축소재,"전문, 과학 및 기술 서비스업",전문 서비스업,회사 본부 및 경영 컨설팅 서비스업,,,이병무외 12인
A095610,테스,코스닥,IT,반도체,반도체 및 관련장비,제조업,기타 기계 및 장비 제조업,특수 목적용 기계 제조업,,,주숭일외 11인
A002840,미원상사,유가증권시장,소재,소재,화학,제조업,화학물질 및 화학제품 제조업; 의약품 제외,기타 화학제품 제조업,,,김정돈외 37인
A121600,나노신소재,코스닥,소재,소재,금속 및 광물,제조업,화학물질 및 화학제품 제조업; 의약품 제외,기타 화학제품 제조업,,,박장우외 13인
A102940,코오롱생명과학,코스닥,의료,제약 및 바이오,제약,제조업,의료용 물질 및 의약품 제조업,기초 의약 물질 제조업,,,코오롱외 12인
A014620,성광벤드,코스닥,산업재,자본재,기계,제조업,1차 금속 제조업,1차 철강 제조업,,,안 재 일외 6인
A025980,아난티,코스닥,경기소비재,소비자 서비스,호텔 및 레저,숙박 및 음식점업,숙박업,일반 및 생활 숙박시설 운영업,,,중앙디앤엘(유)외 4인
A052400,코나아이,코스닥,IT,하드웨어,전자 장비 및 기기,정보통신업,출판업,소프트웨어 개발 및 공급업,,,조정일외 6인
A078160,메디포스트,코스닥,의료,제약 및 바이오,바이오,제조업,의료용 물질 및 의약품 제조업,기초 의약 물질 제조업,,,양윤선외 2인
A005180,빙그레,유가증권시장,필수소비재,음식료 및 담배,식료품,제조업,식료품 제조업,동·식물성 유지 및 낙농제품 제조업,AA-,NA,김호연외 4인
A053800,안랩,코스닥,IT,소프트웨어,일반 소프트웨어,정보통신업,출판업,소프트웨어 개발 및 공급업,,,안철수외 2인
A025540,한국단자,유가증권시장,경기소비재,자동차 및 부품,자동차부품,제조업,전기장비 제조업,"전동기, 발전기 및 전기 변환ㆍ 공급ㆍ제어 장치 제조업",,,이 창 원외 7인
A002020,코오롱,유가증권시장,산업재,자본재,복합 산업,"전문, 과학 및 기술 서비스업",전문 서비스업,회사 본부 및 경영 컨설팅 서비스업,BBB+,NA,이웅열외 10인
A084110,휴온스글로벌,코스닥,의료,제약 및 바이오,제약,제조업,의료용 물질 및 의약품 제조업,의약품 제조업,,,윤성태외 20인
A090710,휴림로봇,코스닥,산업재,자본재,기계,제조업,기타 기계 및 장비 제조업,특수 목적용 기계 제조업,,,동부씨엔아이(주)외 2인
A010780,아이에스동서,유가증권시장,산업재,자본재,건축자재,제조업,비금속 광물제품 제조업,"시멘트, 석회, 플라스터 및 그 제품 제조업",BBB,A3,아이에스지주(주)외 2인
A036540,SFA반도체,코스닥,IT,반도체,반도체 및 관련장비,제조업,"전자부품, 컴퓨터, 영상, 음향 및 통신장비 제조업",반도체 제조업,,,"BK LCD CO.,Limited외 14인"
A009520,포스코엠텍,코스닥,소재,소재,금속 및 광물,제조업,1차 금속 제조업,1차 철강 제조업,,,(주)포스코외 2인
A032820,우리기술,코스닥,에너지,에너지,에너지 시설 및 서비스,제조업,전기장비 제조업,"전동기, 발전기 및 전기 변환ㆍ 공급ㆍ제어 장치 제조업",,,노선봉외 4인
A057050,현대홈쇼핑,유가증권시장,경기소비재,유통,온라인쇼핑,도매 및 소매업,소매업; 자동차 제외,무점포 소매업,NA,A1,(주)현대백화점외 6인
A005420,코스모화학,유가증권시장,소재,소재,화학,제조업,화학물질 및 화학제품 제조업; 의약품 제외,기타 화학제품 제조업,,,(주)코스모앤컴퍼니외 4인
A041190,우리기술투자,코스닥,금융,기타금융,창업투자 및 종금,금융 및 보험업,금융업,기타 금융업,,,이완근외 5인
A080220,제주반도체,코스닥,IT,하드웨어,휴대폰 및 관련부품,제조업,"전자부품, 컴퓨터, 영상, 음향 및 통신장비 제조업",반도체 제조업,,,박성식외 4인
A023160,태광,코스닥,산업재,자본재,기계,제조업,1차 금속 제조업,1차 철강 제조업,,,윤성덕외 6인
A018290,브이티,코스닥,소재,소재,용기 및 포장,제조업,화학물질 및 화학제품 제조업; 의약품 제외,기타 화학제품 제조업,,,김양평외 2인
A032500,케이엠더블유,코스닥,IT,하드웨어,통신장비,제조업,"전자부품, 컴퓨터, 영상, 음향 및 통신장비 제조업",통신 및 방송 장비 제조업,,,김덕용외 4인
A102710,이엔에프테크놀로지,코스닥,IT,반도체,반도체 및 관련장비,제조업,화학물질 및 화학제품 제조업; 의약품 제외,기타 화학제품 제조업,,,한국알콜산업외 5인
A131290,티에스이,코스닥,IT,반도체,반도체 및 관련장비,제조업,"의료, 정밀, 광학기기 및 시계 제조업","측정, 시험, 항해, 제어 및 기타 정밀기기 제조업; 광학기기 제외",,,권상준외 2인
A099320,쎄트렉아이,코스닥,산업재,상업서비스,상업서비스,제조업,기타 운송장비 제조업,"항공기, 우주선 및 부품 제조업",,,박성동외 10인
A056080,유진로봇,코스닥,경기소비재,내구 소비재 및 의류,레저용품,제조업,기타 기계 및 장비 제조업,특수 목적용 기계 제조업,,,신 경 철외 3인
A001570,금양,유가증권시장,소재,소재,화학,제조업,화학물질 및 화학제품 제조업; 의약품 제외,기초 화학물질 제조업,,,류광지외 2인
A001060,JW중외제약,유가증권시장,의료,제약 및 바이오,제약,제조업,의료용 물질 및 의약품 제조업,의약품 제조업,BBB,NA,JW홀딩스외 7인
A090460,비에이치,유가증권시장,IT,하드웨어,전자 장비 및 기기,제조업,"전자부품, 컴퓨터, 영상, 음향 및 통신장비 제조업",전자부품 제조업,,,이경환외 1인
A060250,NHN KCP,코스닥,IT,소프트웨어,인터넷 서비스,금융 및 보험업,금융 및 보험 관련 서비스업,금융 지원 서비스업,,,엔에이치엔엔터테인먼트(주) 외 6인
A000370,한화손해보험,유가증권시장,금융,보험,보험,금융 및 보험업,보험업,보험업,,,한화생명외 10인
A001270,부국증권,유가증권시장,금융,증권,증권,금융 및 보험업,금융 및 보험 관련 서비스업,금융 지원 서비스업,NA,A2+,김중건외 12인
A006380,카프로,유가증권시장,소재,소재,화학,제조업,화학물질 및 화학제품 제조업; 의약품 제외,기초 화학물질 제조업,,,(주)효성외 1인
A124500,아이티센글로벌,코스닥,IT,소프트웨어,IT 서비스,정보통신업,"컴퓨터 프로그래밍, 시스템 통합 및 관리업","컴퓨터 프로그래밍, 시스템 통합 및 관리업",,,강진모외 8인
A005880,대한해운,유가증권시장,산업재,운송,해상운수,운수 및 창고업,수상 운송업,해상 운송업,BBB+,A3+,㈜티케이케미칼외 5인
A036810,에프에스티,코스닥,IT,반도체,반도체 및 관련장비,제조업,"전자부품, 컴퓨터, 영상, 음향 및 통신장비 제조업",전자부품 제조업,,,장명식외 1인
A003030,세아제강지주,유가증권시장,소재,소재,금속 및 광물,"전문, 과학 및 기술 서비스업",전문 서비스업,회사 본부 및 경영 컨설팅 서비스업,NA,A2,이태성외 12인
A033100,제룡전기,코스닥,산업재,자본재,전기장비,제조업,전기장비 제조업,"전동기, 발전기 및 전기 변환ㆍ 공급ㆍ제어 장치 제조업",,,박종태외 4인
A003160,디아이,유가증권시장,IT,반도체,반도체 및 관련장비,제조업,"의료, 정밀, 광학기기 및 시계 제조업","측정, 시험, 항해, 제어 및 기타 정밀기기 제조업; 광학기기 제외",,,박원호외 3인
A044490,태웅,코스닥,에너지,에너지,에너지 시설 및 서비스,제조업,금속가공제품 제조업; 기계 및 가구 제외,기타 금속 가공제품 제조업,,,허용도외 5인
A025320,시노펙스,코스닥,IT,하드웨어,휴대폰 및 관련부품,제조업,"전자부품, 컴퓨터, 영상, 음향 및 통신장비 제조업",전자부품 제조업,,,(주)글로션외 6인
A138610,나이벡,코스닥,의료,제약 및 바이오,바이오,제조업,의료용 물질 및 의약품 제조업,의료용품 및 기타 의약 관련제품 제조업,,,정종평외 5인
A002960,한국쉘석유,유가증권시장,소재,소재,화학,제조업,"코크스, 연탄 및 석유정제품 제조업",석유 정제품 제조업,,,Shell Petroleum N.V
A017940,E1,유가증권시장,에너지,에너지,석유 및 가스,도매 및 소매업,도매 및 상품 중개업,기타 전문 도매업,A+,A1,구자열외 9인
A000650,천일고속,유가증권시장,산업재,운송,육상운수,운수 및 창고업,육상운송 및 파이프라인 운송업,육상 여객 운송업,,,박재명외 13인
A093320,케이아이엔엑스,코스닥,IT,소프트웨어,인터넷 서비스,정보통신업,정보서비스업,"자료처리, 호스팅, 포털 및 기타 인터넷 정보매개 서비스업",,,(주)가비아외 7인
A030520,한글과컴퓨터,코스닥,IT,소프트웨어,일반 소프트웨어,정보통신업,출판업,소프트웨어 개발 및 공급업,,,소프트포럼(주)외 4인
A038500,삼표시멘트,코스닥,소재,소재,건축소재,제조업,비금속 광물제품 제조업,기타 비금속 광물제품 제조업,,,(주)동양외 7인
A119850,지엔씨에너지,코스닥,산업재,자본재,전기장비,제조업,전기장비 제조업,"전동기, 발전기 및 전기 변환ㆍ 공급ㆍ제어 장치 제조업",,,안병철외 8인
A036620,감성코퍼레이션,코스닥,소재,소재,종이 및 목재,도매 및 소매업,도매 및 상품 중개업,기타 전문 도매업,,,진선기업외 4인
A016590,신대양제지,유가증권시장,소재,소재,종이 및 목재,제조업,"펄프, 종이 및 종이제품 제조업","골판지, 종이 상자 및 종이 용기 제조업",,,권혁홍외 4인
A000400,롯데손해보험,유가증권시장,금융,보험,보험,금융 및 보험업,보험업,보험업,,,(주)호텔롯데외 4인
A015750,성우하이텍,코스닥,경기소비재,자동차 및 부품,자동차부품,제조업,자동차 및 트레일러 제조업,자동차 신품 부품 제조업,A-,NA,이명근외 3인
A060280,큐렉소,코스닥,필수소비재,음식료 및 담배,식료품,도매 및 소매업,소매업; 자동차 제외,기타 상품 전문 소매업,,,(주)한국 야쿠르트외 1인
A016380,KG스틸,유가증권시장,소재,소재,금속 및 광물,제조업,1차 금속 제조업,1차 철강 제조업,,,동부씨엔아이㈜외 14인
A101730,위메이드맥스,코스닥,IT,소프트웨어,게임 소프트웨어,정보통신업,출판업,소프트웨어 개발 및 공급업,,,(주)위메이드엔터테인먼트 외 1인
A002240,고려제강,유가증권시장,소재,소재,금속 및 광물,제조업,1차 금속 제조업,1차 철강 제조업,,,홍영철외 8인
A016800,퍼시스,유가증권시장,경기소비재,내구 소비재 및 의류,내구소비재,제조업,가구 제조업,가구 제조업,,,(주)시디즈외 12인
A093050,LF,유가증권시장,경기소비재,내구 소비재 및 의류,섬유 및 의복,제조업,"의복, 의복 액세서리 및 모피제품 제조업",봉제의복 제조업,AA-,NA,구본걸외 19인
A005810,풍산홀딩스,유가증권시장,소재,소재,금속 및 광물,"전문, 과학 및 기술 서비스업",전문 서비스업,회사 본부 및 경영 컨설팅 서비스업,,,류 진외 6인
A064260,다날,코스닥,IT,소프트웨어,인터넷 서비스,정보통신업,출판업,소프트웨어 개발 및 공급업,,,박성찬외 1인
A161000,애경케미칼,유가증권시장,소재,소재,화학,제조업,화학물질 및 화학제품 제조업; 의약품 제외,기초 화학물질 제조업,NA,A1,에이케이홀딩스(주)외 5인
A003300,한일홀딩스,유가증권시장,소재,소재,건축소재,제조업,비금속 광물제품 제조업,"시멘트, 석회, 플라스터 및 그 제품 제조업",,,허정섭외 26인
A127120,제이에스링크,코스닥,의료,제약 및 바이오,바이오,"전문, 과학 및 기술 서비스업",연구개발업,자연과학 및 공학 연구개발업,,,이종은외 1인
A004690,삼천리,유가증권시장,유틸리티,유틸리티,가스,"전기, 가스, 증기 및 공기조절 공급업","전기, 가스, 증기 및 공기조절 공급업",연료용 가스 제조 및 배관공급업,AA+,A1,이만득외 20인
A029530,신도리코,유가증권시장,IT,하드웨어,사무기기,제조업,"전자부품, 컴퓨터, 영상, 음향 및 통신장비 제조업",컴퓨터 및 주변장치 제조업,,,우석형외 20인
A170900,동아에스티,유가증권시장,의료,제약 및 바이오,제약,제조업,의료용 물질 및 의약품 제조업,의약품 제조업,A+,NA,강정석외 26인
A145990,삼양사,유가증권시장,필수소비재,음식료 및 담배,식료품,제조업,식료품 제조업,기타 식품 제조업,AA-,NA,삼양홀딩스외 2인
A033240,자화전자,유가증권시장,IT,하드웨어,전자 장비 및 기기,제조업,"전자부품, 컴퓨터, 영상, 음향 및 통신장비 제조업",전자부품 제조업,,,김상면외 4인
A074600,원익QnC,코스닥,IT,반도체,반도체 및 관련장비,제조업,비금속 광물제품 제조업,유리 및 유리제품 제조업,,,이용한외 2인
A009410,태영건설,유가증권시장,산업재,자본재,건설,건설업,종합 건설업,토목 건설업,,,윤석민외 3인
A105630,한세실업,유가증권시장,경기소비재,내구 소비재 및 의류,섬유 및 의복,제조업,"의복, 의복 액세서리 및 모피제품 제조업",봉제의복 제조업,BBB+,NA,한세예스24홀딩스(주)외 21인
A041960,코미팜,코스닥,의료,제약 및 바이오,제약,제조업,의료용 물질 및 의약품 제조업,의약품 제조업,,,양용진외 6인
A095660,네오위즈,코스닥,IT,소프트웨어,게임 소프트웨어,정보통신업,출판업,소프트웨어 개발 및 공급업,,,(주)네오위즈홀딩스외 19인
A058650,세아홀딩스,유가증권시장,소재,소재,금속 및 광물,제조업,1차 금속 제조업,1차 철강 제조업,A,A2,이태성외 13인
A126340,비나텍,코스닥,산업재,자본재,전기장비,제조업,전기장비 제조업,일차전지 및 이차전지 제조업,,,성도경외 4인
A001500,현대차증권,유가증권시장,금융,증권,증권,금융 및 보험업,금융 및 보험 관련 서비스업,금융 지원 서비스업,AA-,A1,현대자동차외 3인
A048410,현대바이오,코스닥,IT,디스플레이,디스플레이 및 관련부품,제조업,화학물질 및 화학제품 제조업; 의약품 제외,기타 화학제품 제조업,,,(주)씨앤팜외 2인
A089010,켐트로닉스,코스닥,IT,하드웨어,전자 장비 및 기기,제조업,화학물질 및 화학제품 제조업; 의약품 제외,기타 화학제품 제조업,,,김보균외 10인
A034310,NICE,유가증권시장,산업재,상업서비스,상업서비스,"전문, 과학 및 기술 서비스업",전문 서비스업,회사 본부 및 경영 컨설팅 서비스업,,,김광수외 2인
A053030,바이넥스,코스닥,의료,제약 및 바이오,제약,제조업,의료용 물질 및 의약품 제조업,의약품 제조업,,,(주)니찌이꼬제약외 2인
A052020,에스티큐브,코스닥,IT,하드웨어,전자 장비 및 기기,도매 및 소매업,도매 및 상품 중개업,기계장비 및 관련 물품 도매업,,,(주)바이오사이언스홀딩스
A017810,풀무원,유가증권시장,필수소비재,음식료 및 담배,식료품,제조업,식료품 제조업,기타 식품 제조업,,,남승우외 9인
A069080,웹젠,코스닥,IT,소프트웨어,게임 소프트웨어,정보통신업,출판업,소프트웨어 개발 및 공급업,,,엔에이치엔 엔터테인먼트(주)외 3인
A025900,동화기업,코스닥,소재,소재,종이 및 목재,제조업,목재 및 나무제품 제조업; 가구 제외,나무제품 제조업,BBB+,NA,Dongwha International Co. Limited외 11인
A097520,엠씨넥스,유가증권시장,IT,하드웨어,휴대폰 및 관련부품,제조업,"전자부품, 컴퓨터, 영상, 음향 및 통신장비 제조업",영상 및 음향기기 제조업,,,민동욱외 3인
A050890,쏠리드,코스닥,IT,하드웨어,통신장비,제조업,"전자부품, 컴퓨터, 영상, 음향 및 통신장비 제조업",통신 및 방송 장비 제조업,,,정준외 8인
A067630,HLB생명과학,코스닥,에너지,에너지,에너지 시설 및 서비스,제조업,의료용 물질 및 의약품 제조업,의료용품 및 기타 의약 관련제품 제조업,,,삼 립외 2인
A005610,SPC삼립,유가증권시장,필수소비재,음식료 및 담배,식료품,제조업,식료품 제조업,기타 식품 제조업,A+,NA,(주)파리크라상외 4인
A059090,미코,코스닥,IT,반도체,반도체 및 관련장비,제조업,"전자부품, 컴퓨터, 영상, 음향 및 통신장비 제조업",반도체 제조업,,,전선규외 6인
A000070,삼양홀딩스,유가증권시장,필수소비재,음식료 및 담배,식료품,"전문, 과학 및 기술 서비스업",전문 서비스업,회사 본부 및 경영 컨설팅 서비스업,AA-,A1,김 원외 29인
A099440,스맥,코스닥,산업재,자본재,기계,제조업,기타 기계 및 장비 제조업,특수 목적용 기계 제조업,,,이효제외 3인
A183190,아세아시멘트,유가증권시장,소재,소재,건축소재,제조업,비금속 광물제품 제조업,"시멘트, 석회, 플라스터 및 그 제품 제조업",,,아세아㈜외 13인
A004700,조광피혁,유가증권시장,경기소비재,내구 소비재 및 의류,섬유 및 의복,제조업,"가죽, 가방 및 신발 제조업","가죽, 가방 및 유사제품 제조업",,,지길순외 3인
A092200,디아이씨,유가증권시장,경기소비재,자동차 및 부품,자동차부품,제조업,자동차 및 트레일러 제조업,자동차 신품 부품 제조업,BB,NA,김성문외 12인
A083450,GST,코스닥,IT,반도체,반도체 및 관련장비,제조업,기타 기계 및 장비 제조업,특수 목적용 기계 제조업,,,김덕준외 1인
A039440,에스티아이,코스닥,IT,반도체,반도체 및 관련장비,제조업,기타 기계 및 장비 제조업,특수 목적용 기계 제조업,,,성도이엔지외 2인
A107640,한중엔시에스,코스닥,경기소비재,자동차 및 부품,자동차부품,제조업,전기장비 제조업,"전동기, 발전기 및 전기 변환ㆍ 공급ㆍ제어 장치 제조업",,,김환식외 5인
A014830,유니드,유가증권시장,소재,소재,화학,제조업,화학물질 및 화학제품 제조업; 의약품 제외,기초 화학물질 제조업,,,(주)OCI상사외 10인
A006220,제주은행,유가증권시장,금융,은행,상업은행,금융 및 보험업,금융업,은행 및 저축기관,AA+,NA,신한금융 지주회사
A041830,인바디,코스닥,의료,의료장비 및 서비스,의료 장비 및 서비스,제조업,"의료, 정밀, 광학기기 및 시계 제조업",의료용 기기 제조업,,,차기철외 7인
A016610,DB증권,유가증권시장,금융,증권,증권,금융 및 보험업,금융 및 보험 관련 서비스업,금융 지원 서비스업,A+,A1,동부화재해상보험외 15인
A026890,스틱인베스트먼트,유가증권시장,경기소비재,내구 소비재 및 의류,내구소비재,금융 및 보험업,금융업,신탁업 및 집합투자업,,,도용환외 14인
A042520,한스바이오메드,코스닥,의료,의료장비 및 서비스,의료 장비 및 서비스,제조업,의료용 물질 및 의약품 제조업,의료용품 및 기타 의약 관련제품 제조업,,,황호찬외 5인
A034950,한국기업평가,코스닥,산업재,상업서비스,상업서비스,"사업시설 관리, 사업 지원 및 임대 서비스업",사업지원 서비스업,기타 사업지원 서비스업,,,Fitch Ratings Limited외 1인
A033790,피노,코스닥,IT,하드웨어,통신장비,제조업,"전자부품, 컴퓨터, 영상, 음향 및 통신장비 제조업",통신 및 방송 장비 제조업,,,에스제이엠홀딩스외 3인
A060980,HL홀딩스,유가증권시장,경기소비재,자동차 및 부품,자동차부품,"전문, 과학 및 기술 서비스업",전문 서비스업,회사 본부 및 경영 컨설팅 서비스업,A,NA,정몽원외 24인
A101930,인화정공,코스닥,산업재,자본재,조선,제조업,기타 운송장비 제조업,선박 및 보트 건조업,,,이 인외 2인
A002710,TCC스틸,유가증권시장,소재,소재,금속 및 광물,제조업,1차 금속 제조업,1차 철강 제조업,BB+,NA,손봉락외 20인
A099190,아이센스,코스닥,의료,의료장비 및 서비스,의료 장비 및 서비스,제조업,"의료, 정밀, 광학기기 및 시계 제조업",의료용 기기 제조업,,,차근식외 4인
A072710,농심홀딩스,유가증권시장,필수소비재,음식료 및 담배,식료품,"전문, 과학 및 기술 서비스업",전문 서비스업,회사 본부 및 경영 컨설팅 서비스업,AA,A1,신동원외 17인
A105840,우진,유가증권시장,산업재,자본재,기계,제조업,"의료, 정밀, 광학기기 및 시계 제조업","측정, 시험, 항해, 제어 및 기타 정밀기기 제조업; 광학기기 제외",,,이성범외 20인
A079370,제우스,코스닥,IT,반도체,반도체 및 관련장비,제조업,기타 기계 및 장비 제조업,특수 목적용 기계 제조업,,,이종우외 5인
A089890,코세스,코스닥,IT,반도체,반도체 및 관련장비,제조업,기타 기계 및 장비 제조업,특수 목적용 기계 제조업,,,박명순외 2인
A114190,강원에너지,코스닥,에너지,에너지,에너지 시설 및 서비스,제조업,전기장비 제조업,기타 전기장비 제조업,,,(주)웰크론한텍외 4인
A079940,가비아,코스닥,IT,소프트웨어,인터넷 서비스,정보통신업,출판업,소프트웨어 개발 및 공급업,,,김홍국외 4인
A091700,파트론,코스닥,IT,하드웨어,휴대폰 및 관련부품,제조업,"전자부품, 컴퓨터, 영상, 음향 및 통신장비 제조업",전자부품 제조업,,,김종구외 7인
A001530,DI동일,유가증권시장,경기소비재,내구 소비재 및 의류,섬유 및 의복,도매 및 소매업,도매 및 상품 중개업,상품 중개업,,,(재)정헌재단외 16인
A037270,YG PLUS,유가증권시장,경기소비재,미디어,미디어,정보통신업,정보서비스업,"자료처리, 호스팅, 포털 및 기타 인터넷 정보매개 서비스업",,,(주)와이지엔터테인먼트외 2인
A033640,네패스,코스닥,IT,반도체,반도체 및 관련장비,제조업,"전자부품, 컴퓨터, 영상, 음향 및 통신장비 제조업",반도체 제조업,BB+,NA,이 병 구외 4인
A084010,대한제강,유가증권시장,소재,소재,금속 및 광물,제조업,1차 금속 제조업,1차 철강 제조업,,,오치훈외 14인
A015360,INVENI,유가증권시장,유틸리티,유틸리티,가스,"전문, 과학 및 기술 서비스업",전문 서비스업,회사 본부 및 경영 컨설팅 서비스업,AA-,A1,구자은외 26인
A001390,KG케미칼,유가증권시장,소재,소재,화학,제조업,화학물질 및 화학제품 제조업; 의약품 제외,기초 화학물질 제조업,,,곽재선외 6인
A003280,흥아해운,유가증권시장,산업재,운송,해상운수,운수 및 창고업,수상 운송업,해상 운송업,,,Fairmont Partners Ltd외 1인
A008060,대덕,유가증권시장,IT,하드웨어,전자 장비 및 기기,"전문, 과학 및 기술 서비스업",전문 서비스업,회사 본부 및 경영 컨설팅 서비스업,,,김영재외 6인
A003000,부광약품,유가증권시장,의료,제약 및 바이오,제약,제조업,의료용 물질 및 의약품 제조업,의약품 제조업,,,김동연외 10인
A013030,하이록코리아,코스닥,산업재,자본재,기계,제조업,1차 금속 제조업,1차 철강 제조업,,,문휴건외 7인
A094360,칩스앤미디어,코스닥,IT,반도체,반도체 및 관련장비,제조업,"전자부품, 컴퓨터, 영상, 음향 및 통신장비 제조업",반도체 제조업,,,(주)텔레칩스외 5인
A045100,한양이엔지,코스닥,IT,반도체,반도체 및 관련장비,"전문, 과학 및 기술 서비스업","건축기술, 엔지니어링 및 기타 과학기술 서비스업","건축기술, 엔지니어링 및 관련 기술 서비스업",,,김형육외 5인
A031430,신세계인터내셔날,유가증권시장,경기소비재,내구 소비재 및 의류,섬유 및 의복,도매 및 소매업,소매업; 자동차 제외,"섬유, 의복, 신발 및 가죽제품 소매업",NA,A1,(주)신세계외 7인
A078130,국일제지,코스닥,소재,소재,종이 및 목재,제조업,"펄프, 종이 및 종이제품 제조업",기타 종이 및 판지 제품 제조업,,,최우식외 4인
A031330,에스에이엠티,코스닥,IT,반도체,반도체 및 관련장비,도매 및 소매업,도매 및 상품 중개업,기계장비 및 관련 물품 도매업,,,한국씨티은행
A094480,갤럭시아머니트리,코스닥,IT,소프트웨어,인터넷 서비스,정보통신업,출판업,소프트웨어 개발 및 공급업,,,조현준외 6인
A104830,원익머트리얼즈,코스닥,IT,반도체,반도체 및 관련장비,제조업,화학물질 및 화학제품 제조업; 의약품 제외,기초 화학물질 제조업,,,원익아이피에스
A043260,성호전자,코스닥,IT,하드웨어,전자 장비 및 기기,제조업,"전자부품, 컴퓨터, 영상, 음향 및 통신장비 제조업",전자부품 제조업,,,박현남외 4인
A101360,에코앤드림,코스닥,경기소비재,자동차 및 부품,자동차부품,제조업,화학물질 및 화학제품 제조업; 의약품 제외,기타 화학제품 제조업,,,김민용외 9인
A046890,서울반도체,코스닥,IT,디스플레이,디스플레이 및 관련부품,제조업,"전자부품, 컴퓨터, 영상, 음향 및 통신장비 제조업",반도체 제조업,,,이정훈외 4인
A078340,컴투스,코스닥,IT,소프트웨어,게임 소프트웨어,정보통신업,출판업,소프트웨어 개발 및 공급업,A-,NA,(주)게임빌
A014940,오리엔탈정공,코스닥,산업재,자본재,조선,제조업,기타 기계 및 장비 제조업,일반 목적용 기계 제조업,,,산업은행외 1인
A006110,삼아알미늄,유가증권시장,소재,소재,금속 및 광물,제조업,1차 금속 제조업,1차 비철금속 제조업,,,日本동양알미늄(주)외 7인
A035890,서희건설,코스닥,산업재,자본재,건설,건설업,종합 건설업,건물 건설업,BBB+,A3+,이봉관외 8인
A015860,일진홀딩스,유가증권시장,산업재,자본재,전기장비,"전문, 과학 및 기술 서비스업",전문 서비스업,회사 본부 및 경영 컨설팅 서비스업,,,허정석외 6인
A067080,대화제약,코스닥,의료,제약 및 바이오,제약,제조업,의료용 물질 및 의약품 제조업,의약품 제조업,,,김수지외 7인
A130660,한전산업,유가증권시장,에너지,에너지,에너지 시설 및 서비스,"전문, 과학 및 기술 서비스업","건축기술, 엔지니어링 및 기타 과학기술 서비스업","건축기술, 엔지니어링 및 관련 기술 서비스업",,,한국자유총연맹
A053610,프로텍,코스닥,IT,반도체,반도체 및 관련장비,제조업,기타 기계 및 장비 제조업,특수 목적용 기계 제조업,,,최승환외 1인
A001940,KISCO홀딩스,유가증권시장,소재,소재,금속 및 광물,제조업,1차 금속 제조업,1차 철강 제조업,,,장세홍외 6인
A128820,대성산업,유가증권시장,에너지,에너지,석유 및 가스,도매 및 소매업,소매업; 자동차 제외,연료 소매업,,,(주)대성합동지주외 24인
A034120,SBS,유가증권시장,경기소비재,미디어,미디어,정보통신업,방송 및 영상·오디오물 제공 서비스업,텔레비전 방송업,AA,A1,(주)SBS미디어홀딩스
A003520,영진약품,유가증권시장,의료,제약 및 바이오,제약,제조업,의료용 물질 및 의약품 제조업,의약품 제조업,,,케이티엔지외 3인
A104700,한국철강,유가증권시장,소재,소재,금속 및 광물,제조업,1차 금속 제조업,1차 철강 제조업,,,키스코홀딩스(주)외 7인
A095500,미래나노텍,코스닥,IT,디스플레이,디스플레이 및 관련부품,제조업,고무 및 플라스틱제품 제조업,플라스틱제품 제조업,,,김철영외 11인
A101160,월덱스,코스닥,IT,반도체,반도체 및 관련장비,제조업,"전자부품, 컴퓨터, 영상, 음향 및 통신장비 제조업",전자부품 제조업,,,배종식외 3인
A108860,셀바스AI,코스닥,IT,소프트웨어,일반 소프트웨어,정보통신업,출판업,소프트웨어 개발 및 공급업,,,(주)인프라웨어외 1인
A003800,에이스침대,코스닥,경기소비재,내구 소비재 및 의류,내구소비재,제조업,가구 제조업,가구 제조업,,,안성호외 1인
A114810,한솔아이원스,코스닥,IT,디스플레이,디스플레이 및 관련부품,제조업,기타 기계 및 장비 제조업,특수 목적용 기계 제조업,,,이문기외 5인
A020000,한섬,유가증권시장,경기소비재,내구 소비재 및 의류,섬유 및 의복,제조업,"의복, 의복 액세서리 및 모피제품 제조업",봉제의복 제조업,NA,A1,(주)현대홈쇼핑
A126560,현대퓨처넷,유가증권시장,경기소비재,미디어,미디어,정보통신업,우편 및 통신업,전기 통신업,,,(주)현대홈쇼핑외 4인
A003960,사조대림,유가증권시장,필수소비재,음식료 및 담배,식료품,제조업,식료품 제조업,수산물 가공 및 저장 처리업,,,사조산업외 5인
A084690,대상홀딩스,유가증권시장,필수소비재,음식료 및 담배,식료품,"전문, 과학 및 기술 서비스업",전문 서비스업,회사 본부 및 경영 컨설팅 서비스업,AA-,NA,임상민외 5인
A024720,콜마홀딩스,유가증권시장,필수소비재,생활용품,개인생활용품,"전문, 과학 및 기술 서비스업",전문 서비스업,회사 본부 및 경영 컨설팅 서비스업,A-,NA,윤동한외 3인
A001820,삼화콘덴서,유가증권시장,산업재,자본재,전기장비,제조업,"전자부품, 컴퓨터, 영상, 음향 및 통신장비 제조업",전자부품 제조업,,,오영주외 5인
A005720,넥센,유가증권시장,경기소비재,자동차 및 부품,자동차부품,제조업,고무 및 플라스틱제품 제조업,고무제품 제조업,,,강호찬외 2인
A064550,바이오니아,코스닥,의료,제약 및 바이오,바이오,제조업,의료용 물질 및 의약품 제조업,의료용품 및 기타 의약 관련제품 제조업,,,박한오외 10인
A005090,SGC에너지,유가증권시장,소재,소재,용기 및 포장,"전기, 가스, 증기 및 공기조절 공급업","전기, 가스, 증기 및 공기조절 공급업",전기업,A,A2,이복영외 4인
A034830,한국토지신탁,유가증권시장,금융,부동산,부동산,금융 및 보험업,금융업,신탁업 및 집합투자업,A-,A2-,리딩밸류일호유한회사외 1인
A009160,SIMPAC,유가증권시장,산업재,자본재,기계,제조업,1차 금속 제조업,1차 철강 제조업,,,(주)심팩홀딩스외 6인
A025860,남해화학,유가증권시장,소재,소재,화학,제조업,화학물질 및 화학제품 제조업; 의약품 제외,"비료, 농약 및 살균, 살충제 제조업",,,농협경제지주(주)외 1인
A002310,아세아제지,유가증권시장,소재,소재,종이 및 목재,제조업,"펄프, 종이 및 종이제품 제조업","골판지, 종이 상자 및 종이 용기 제조업",,,아세아(주)외 7인
A011930,신성이엔지,유가증권시장,에너지,에너지,에너지 시설 및 서비스,제조업,"전자부품, 컴퓨터, 영상, 음향 및 통신장비 제조업",반도체 제조업,BB-,NA,이완근외 10인
A017390,서울가스,유가증권시장,유틸리티,유틸리티,가스,"전기, 가스, 증기 및 공기조절 공급업","전기, 가스, 증기 및 공기조절 공급업",연료용 가스 제조 및 배관공급업,,,서울도시개발(주)외 33인
A001200,유진투자증권,유가증권시장,금융,증권,증권,금융 및 보험업,금융 및 보험 관련 서비스업,금융 지원 서비스업,A,A2+,유진기업(주)외 3인
A065680,우주일렉트로,코스닥,IT,디스플레이,디스플레이 및 관련부품,제조업,"전자부품, 컴퓨터, 영상, 음향 및 통신장비 제조업",전자부품 제조업,,,노영백외 3인
A064820,케이프,코스닥,산업재,자본재,조선,제조업,기타 운송장비 제조업,선박 및 보트 건조업,,,김종호외 5인
A051500,CJ프레시웨이,코스닥,필수소비재,음식료 및 담배,식료품,도매 및 소매업,도매 및 상품 중개업,음ㆍ식료품 및 담배 도매업,A,A2,CJ주식회사외 2인
A054950,제이브이엠,코스닥,의료,의료장비 및 서비스,의료 장비 및 서비스,제조업,기타 기계 및 장비 제조업,일반 목적용 기계 제조업,,,김준호외 4인
A029460,케이씨,유가증권시장,IT,반도체,반도체 및 관련장비,제조업,"의료, 정밀, 광학기기 및 시계 제조업","측정, 시험, 항해, 제어 및 기타 정밀기기 제조업; 광학기기 제외",,,고석태외 4인
A136480,하림,코스닥,필수소비재,음식료 및 담배,식료품,제조업,식료품 제조업,"도축, 육류 가공 및 저장 처리업",,,제일 홀딩스(주)외 2인
A003200,일신방직,유가증권시장,경기소비재,내구 소비재 및 의류,섬유 및 의복,제조업,섬유제품 제조업; 의복제외,방적 및 가공사 제조업,,,김영호외 22인
A092230,KPX홀딩스,유가증권시장,소재,소재,화학,제조업,화학물질 및 화학제품 제조업; 의약품 제외,기초 화학물질 제조업,,,양규모외 13인
A033270,유나이티드제약,유가증권시장,의료,제약 및 바이오,제약,제조업,의료용 물질 및 의약품 제조업,의약품 제조업,,,강덕영외 12인
A138490,코오롱ENP,유가증권시장,경기소비재,자동차 및 부품,자동차부품,제조업,화학물질 및 화학제품 제조업; 의약품 제외,합성고무 및 플라스틱 물질 제조업,,,코오롱 인더스트리(주)외 1인
A009290,광동제약,유가증권시장,의료,제약 및 바이오,제약,제조업,의료용 물질 및 의약품 제조업,의약품 제조업,,,최성원외 23인
A009680,모토닉,유가증권시장,경기소비재,자동차 및 부품,자동차부품,제조업,자동차 및 트레일러 제조업,자동차 신품 부품 제조업,,,김영봉외 6인
A156100,엘앤케이바이오,코스닥,의료,의료장비 및 서비스,의료 장비 및 서비스,제조업,"의료, 정밀, 광학기기 및 시계 제조업",의료용 기기 제조업,,,강국진외 3인
A006340,대원전선,유가증권시장,산업재,자본재,전기장비,제조업,전기장비 제조업,절연선 및 케이블 제조업,,,갑도물산외 2인
A049630,재영솔루텍,코스닥,IT,하드웨어,휴대폰 및 관련부품,제조업,"의료, 정밀, 광학기기 및 시계 제조업",사진장비 및 광학기기 제조업,,,신용보증기금
A051980,중앙첨단소재,코스닥,IT,하드웨어,통신장비,제조업,"전자부품, 컴퓨터, 영상, 음향 및 통신장비 제조업",통신 및 방송 장비 제조업,,,(주)에치에프알외 1인
A092730,네오팜,코스닥,필수소비재,생활용품,개인생활용품,제조업,화학물질 및 화학제품 제조업; 의약품 제외,기타 화학제품 제조업,,,안용찬외 11인
A093520,매커스,코스닥,IT,반도체,반도체 및 관련장비,도매 및 소매업,도매 및 상품 중개업,기계장비 및 관련 물품 도매업,,,신동철외 4인
A001510,SK증권,유가증권시장,금융,증권,증권,금융 및 보험업,금융 및 보험 관련 서비스업,금융 지원 서비스업,A-,A2,SK C&C외 2인
A002320,한진,유가증권시장,산업재,운송,육상운수,운수 및 창고업,육상운송 및 파이프라인 운송업,도로 화물 운송업,BBB+,NA,정석기업외 10인
A010690,화신,유가증권시장,경기소비재,자동차 및 부품,자동차부품,제조업,자동차 및 트레일러 제조업,자동차 신품 부품 제조업,BBB,NA,정 호외 13인
A084990,헬릭스미스,코스닥,의료,제약 및 바이오,바이오,"전문, 과학 및 기술 서비스업",연구개발업,자연과학 및 공학 연구개발업,,,김선영외 13인
A012030,DB,유가증권시장,IT,소프트웨어,IT 서비스,정보통신업,"컴퓨터 프로그래밍, 시스템 통합 및 관리업","컴퓨터 프로그래밍, 시스템 통합 및 관리업",,,김남호외 22인
A092460,한라IMS,코스닥,산업재,자본재,조선,제조업,기타 운송장비 제조업,선박 및 보트 건조업,,,지석준외 4인
A078350,한양디지텍,코스닥,IT,반도체,반도체 및 관련장비,제조업,"전자부품, 컴퓨터, 영상, 음향 및 통신장비 제조업",반도체 제조업,,,김형육외 7인
A900140,엘브이엠씨홀딩스,유가증권시장,경기소비재,자동차 및 부품,자동차,도매 및 소매업,자동차 및 부품 판매업,자동차 판매업,,,오세영
A010170,대한광통신,코스닥,IT,하드웨어,통신장비,제조업,전기장비 제조업,절연선 및 케이블 제조업,,,큐씨피6호 프로젝트 사모투자전문회사 외 4인
A036890,진성티이씨,코스닥,산업재,자본재,기계,제조업,기타 기계 및 장비 제조업,특수 목적용 기계 제조업,,,윤우석외 3인
A086390,유니테스트,코스닥,IT,반도체,반도체 및 관련장비,제조업,기타 기계 및 장비 제조업,특수 목적용 기계 제조업,,,김종현외 7인
A003120,일성아이에스,유가증권시장,의료,제약 및 바이오,제약,제조업,의료용 물질 및 의약품 제조업,의약품 제조업,,,윤석근외 11인
A035810,이지홀딩스,코스닥,필수소비재,음식료 및 담배,식료품,제조업,식료품 제조업,동물용 사료 및 조제식품 제조업,BBB+,A3+,지현욱외 4인
A018310,삼목에스폼,코스닥,산업재,자본재,건축자재,제조업,금속가공제품 제조업; 기계 및 가구 제외,"구조용 금속제품, 탱크 및 증기발생기 제조업",,,김준년외 4인
A007160,사조산업,유가증권시장,필수소비재,음식료 및 담배,식료품,제조업,식료품 제조업,수산물 가공 및 저장 처리업,,,주진우외 8인
A000320,노루홀딩스,유가증권시장,산업재,자본재,건축자재,"전문, 과학 및 기술 서비스업",전문 서비스업,회사 본부 및 경영 컨설팅 서비스업,,,한영재외 19인
A002810,삼영무역,유가증권시장,소재,소재,화학,도매 및 소매업,도매 및 상품 중개업,기타 전문 도매업,,,이승용외 22인
A025770,한국정보통신,코스닥,산업재,상업서비스,상업서비스,정보통신업,우편 및 통신업,전기 통신업,,,박헌서외 5인
A000050,경방,유가증권시장,경기소비재,내구 소비재 및 의류,섬유 및 의복,도매 및 소매업,소매업; 자동차 제외,종합 소매업,,,김담외 19인
A003920,남양유업,유가증권시장,필수소비재,음식료 및 담배,식료품,제조업,식료품 제조업,동·식물성 유지 및 낙농제품 제조업,,,홍원식외 4인
A011760,현대코퍼레이션,유가증권시장,산업재,자본재,무역,도매 및 소매업,도매 및 상품 중개업,상품 종합 도매업,A,NA,현대중공업외 1인
A007690,국도화학,유가증권시장,소재,소재,화학,제조업,화학물질 및 화학제품 제조업; 의약품 제외,기초 화학물질 제조업,A+,NA,신도케미칼(주)외 2인
A001460,BYC,유가증권시장,경기소비재,내구 소비재 및 의류,섬유 및 의복,제조업,"의복, 의복 액세서리 및 모피제품 제조업",봉제의복 제조업,,,신한방외 19인
A002900,TYM,유가증권시장,산업재,자본재,기계,제조업,기타 기계 및 장비 제조업,특수 목적용 기계 제조업,BBB-,NA,김희용외 6인
A035600,KG이니시스,코스닥,IT,소프트웨어,인터넷 서비스,정보통신업,출판업,소프트웨어 개발 및 공급업,,,KG케미칼외 6인
A004360,세방,유가증권시장,산업재,운송,운송인프라,운수 및 창고업,육상운송 및 파이프라인 운송업,도로 화물 운송업,NA,A1,이앤에스글로벌주식회사외 10인
A005710,대원산업,코스닥,경기소비재,자동차 및 부품,자동차부품,제조업,자동차 및 트레일러 제조업,자동차 신품 부품 제조업,,,허재건외 22인
A036030,케이티알파,코스닥,IT,소프트웨어,인터넷 서비스,도매 및 소매업,도매 및 상품 중개업,상품 중개업,,,(주)케이티외 3인
A151860,KG에코솔루션,코스닥,에너지,에너지,에너지 시설 및 서비스,제조업,자동차 및 트레일러 제조업,자동차 차체 및 트레일러 제조업,,,(주)케이지외 4인
A043150,바텍,코스닥,의료,의료장비 및 서비스,의료 장비 및 서비스,제조업,"의료, 정밀, 광학기기 및 시계 제조업",의료용 기기 제조업,,,(주)바텍이우홀딩스외 7인
A058820,CMG제약,코스닥,의료,제약 및 바이오,제약,제조업,의료용 물질 및 의약품 제조업,의약품 제조업,,,(주)차바이오텍 (구 차바이오앤디오스텍)
A024850,HLB이노베이션,코스닥,IT,반도체,반도체 및 관련장비,제조업,"전자부품, 컴퓨터, 영상, 음향 및 통신장비 제조업",전자부품 제조업,,,유한회사 에프앤티외 3인
A018000,유니슨,코스닥,에너지,에너지,에너지 시설 및 서비스,제조업,기타 기계 및 장비 제조업,일반 목적용 기계 제조업,B+,NA,Toshiba Corporation외 1인
A034810,해성산업,코스닥,금융,부동산,부동산,금융 및 보험업,금융업,기타 금융업,,,단재완외 8인
A023410,유진기업,코스닥,소재,소재,건축소재,제조업,비금속 광물제품 제조업,"시멘트, 석회, 플라스터 및 그 제품 제조업",NA,A3,유경선외 15인
A045390,대아티아이,코스닥,산업재,운송,운송인프라,제조업,전기장비 제조업,기타 전기장비 제조업,,,최진우외 2인
A089980,상아프론테크,코스닥,IT,하드웨어,전자 장비 및 기기,제조업,고무 및 플라스틱제품 제조업,플라스틱제품 제조업,,,이상원외 10인
A065710,서호전기,코스닥,산업재,운송,운송인프라,제조업,전기장비 제조업,"전동기, 발전기 및 전기 변환ㆍ 공급ㆍ제어 장치 제조업",,,이상호외 5인
A001340,PKC,유가증권시장,소재,소재,화학,제조업,화학물질 및 화학제품 제조업; 의약품 제외,기초 화학물질 제조업,,,(주)상원아이엠엘외 9인
A036200,유니셈,코스닥,IT,반도체,반도체 및 관련장비,제조업,기타 기계 및 장비 제조업,특수 목적용 기계 제조업,,,김형균외 3인
A003220,대원제약,유가증권시장,의료,제약 및 바이오,제약,제조업,의료용 물질 및 의약품 제조업,의약품 제조업,,,백승호외 9인
A060720,KH바텍,코스닥,IT,하드웨어,휴대폰 및 관련부품,제조업,"전자부품, 컴퓨터, 영상, 음향 및 통신장비 제조업",전자부품 제조업,,,남광희외 3인
A006910,보성파워텍,코스닥,산업재,자본재,전기장비,제조업,금속가공제품 제조업; 기계 및 가구 제외,"구조용 금속제품, 탱크 및 증기발생기 제조업",,,임도수외 3인
A108380,대양전기공업,코스닥,산업재,자본재,조선,제조업,기타 운송장비 제조업,선박 및 보트 건조업,,,서영우외 3인
A096760,JW홀딩스,유가증권시장,의료,제약 및 바이오,제약,"전문, 과학 및 기술 서비스업",전문 서비스업,회사 본부 및 경영 컨설팅 서비스업,BBB-,NA,이경하외 19인
A108670,LX하우시스,유가증권시장,산업재,자본재,건축자재,제조업,고무 및 플라스틱제품 제조업,플라스틱제품 제조업,A+,NA,(주)LG외 1인
A077360,덕산하이메탈,코스닥,IT,디스플레이,디스플레이 및 관련부품,제조업,"전자부품, 컴퓨터, 영상, 음향 및 통신장비 제조업",반도체 제조업,,,이준호외 12인
A078020,LS증권,코스닥,금융,증권,증권,금융 및 보험업,금융 및 보험 관련 서비스업,금융 지원 서비스업,A,A2+,지앤에이 사모투자전문회사외 9인
A005500,삼진제약,유가증권시장,의료,제약 및 바이오,제약,제조업,의료용 물질 및 의약품 제조업,의약품 제조업,,,조의환외 1인
A035150,백산,유가증권시장,경기소비재,내구 소비재 및 의류,섬유 및 의복,제조업,고무 및 플라스틱제품 제조업,플라스틱제품 제조업,,,김한준외 7인
A049070,인탑스,코스닥,IT,하드웨어,휴대폰 및 관련부품,제조업,"전자부품, 컴퓨터, 영상, 음향 및 통신장비 제조업",통신 및 방송 장비 제조업,,,김재경외 2인
A051370,인터플렉스,코스닥,IT,하드웨어,전자 장비 및 기기,제조업,"전자부품, 컴퓨터, 영상, 음향 및 통신장비 제조업",전자부품 제조업,,,(주)코리아써키트외 5인
A000490,대동,유가증권시장,산업재,자본재,기계,제조업,기타 기계 및 장비 제조업,특수 목적용 기계 제조업,BBB+,A3+,김준식외 10인
A122900,아이마켓코리아,유가증권시장,산업재,상업서비스,상업서비스,도매 및 소매업,도매 및 상품 중개업,상품 종합 도매업,,,인터파크외 2인
A000680,LS네트웍스,유가증권시장,경기소비재,내구 소비재 및 의류,섬유 및 의복,도매 및 소매업,도매 및 상품 중개업,상품 종합 도매업,BBB+,NA,(주)E1외 2인
A001790,대한제당,유가증권시장,필수소비재,음식료 및 담배,식료품,제조업,식료품 제조업,"곡물가공품, 전분 및 전분제품 제조업",A-,NA,설 윤 호외 9인
A013120,동원개발,코스닥,산업재,자본재,건설,건설업,종합 건설업,건물 건설업,,,장호익외 4인
A005950,이수화학,유가증권시장,소재,소재,화학,제조업,화학물질 및 화학제품 제조업; 의약품 제외,기초 화학물질 제조업,,,(주)이수외 6인
A033530,SJG세종,유가증권시장,경기소비재,자동차 및 부품,자동차부품,제조업,자동차 및 트레일러 제조업,자동차 신품 부품 제조업,,,박정길외 3인
A115450,HLB테라퓨틱스,코스닥,IT,소프트웨어,일반 소프트웨어,도매 및 소매업,도매 및 상품 중개업,기타 전문 도매업,,,지트리1호조합외 1인
A007460,에이프로젠,유가증권시장,소재,소재,금속 및 광물,제조업,금속가공제품 제조업; 기계 및 가구 제외,기타 금속 가공제품 제조업,,,(주)나라에이스홀딩스
A001130,대한제분,유가증권시장,필수소비재,음식료 및 담배,식료품,제조업,식료품 제조업,"곡물가공품, 전분 및 전분제품 제조업",,,이종각외 13인
A053210,스카이라이프,유가증권시장,경기소비재,미디어,미디어,정보통신업,방송 및 영상·오디오물 제공 서비스업,텔레비전 방송업,AA-,NA,(주)케이티외 1인
A121800,비덴트,코스닥,경기소비재,미디어,미디어,제조업,"전자부품, 컴퓨터, 영상, 음향 및 통신장비 제조업",통신 및 방송 장비 제조업,,,이경국외 11인
A025000,KPX케미칼,유가증권시장,소재,소재,화학,제조업,화학물질 및 화학제품 제조업; 의약품 제외,기초 화학물질 제조업,,,양 규 모외 8인
A043370,피에이치에이,코스닥,경기소비재,자동차 및 부품,자동차부품,제조업,자동차 및 트레일러 제조업,자동차 신품 부품 제조업,,,평화크랏치공업외 2인
A008490,서흥,유가증권시장,의료,제약 및 바이오,제약,제조업,화학물질 및 화학제품 제조업; 의약품 제외,기타 화학제품 제조업,A-,NA,양주환외 6인
A051360,토비스,코스닥,IT,디스플레이,디스플레이 및 관련부품,제조업,"전자부품, 컴퓨터, 영상, 음향 및 통신장비 제조업",영상 및 음향기기 제조업,,,김용범외 8인
A037710,광주신세계,유가증권시장,경기소비재,유통,백화점,도매 및 소매업,소매업; 자동차 제외,종합 소매업,AA-,A1,정용진외 1인
A023760,한국캐피탈,코스닥,금융,기타금융,소비자 금융,금융 및 보험업,금융업,기타 금융업,A,A2,군인공제회
A004980,성신양회,유가증권시장,소재,소재,건축소재,제조업,비금속 광물제품 제조업,"시멘트, 석회, 플라스터 및 그 제품 제조업",,,김영준외 7인
A036800,나이스정보통신,코스닥,산업재,상업서비스,상업서비스,정보통신업,우편 및 통신업,전기 통신업,,,나이스 홀딩스
A001750,한양증권,유가증권시장,금융,증권,증권,금융 및 보험업,금융 및 보험 관련 서비스업,금융 지원 서비스업,A,A2,한양학원외 8인
A150840,인트로메딕,코스닥,의료,의료장비 및 서비스,의료 장비 및 서비스,제조업,"의료, 정밀, 광학기기 및 시계 제조업",의료용 기기 제조업,,,심한보외 4인
A011500,한농화성,유가증권시장,소재,소재,화학,제조업,화학물질 및 화학제품 제조업; 의약품 제외,기타 화학제품 제조업,,,김응상외 5인
A007570,일양약품,유가증권시장,의료,제약 및 바이오,제약,제조업,의료용 물질 및 의약품 제조업,의약품 제조업,,,정도언외 5인
A001630,종근당홀딩스,유가증권시장,의료,제약 및 바이오,제약,제조업,의료용 물질 및 의약품 제조업,의약품 제조업,A+,NA,이장한외 9인
A000430,대원강업,유가증권시장,경기소비재,자동차 및 부품,자동차부품,제조업,자동차 및 트레일러 제조업,자동차 신품 부품 제조업,NA,A2,허재철 (1)외 53인
A042370,비츠로테크,코스닥,산업재,자본재,전기장비,"전문, 과학 및 기술 서비스업",전문 서비스업,회사 본부 및 경영 컨설팅 서비스업,,,장순상외 3인
A039840,디오,코스닥,의료,의료장비 및 서비스,의료 장비 및 서비스,제조업,"의료, 정밀, 광학기기 및 시계 제조업",의료용 기기 제조업,,,DENTSPLY GERMANY INVESTMENTS GMBH외 1인
A028100,동아지질,유가증권시장,산업재,자본재,건설,건설업,전문직별 공사업,기반조성 및 시설물 축조관련 전문공사업,,,이정우외 8인
A001230,동국홀딩스,유가증권시장,소재,소재,금속 및 광물,"전문, 과학 및 기술 서비스업",전문 서비스업,회사 본부 및 경영 컨설팅 서비스업,,,장세주외 18인
A003070,코오롱글로벌,유가증권시장,산업재,자본재,건설,건설업,종합 건설업,토목 건설업,NA,A3+,㈜코오롱외 23인
A033920,무학,유가증권시장,필수소비재,음식료 및 담배,음료,제조업,음료 제조업,알코올음료 제조업,,,최재호외 5인
A054210,이랜텍,코스닥,IT,하드웨어,휴대폰 및 관련부품,제조업,"전자부품, 컴퓨터, 영상, 음향 및 통신장비 제조업",전자부품 제조업,,,이세용외 6인
A061970,LB세미콘,코스닥,IT,디스플레이,디스플레이 및 관련부품,제조업,"전자부품, 컴퓨터, 영상, 음향 및 통신장비 제조업",반도체 제조업,,,구본천외 21인
A136490,선진,유가증권시장,필수소비재,음식료 및 담배,식료품,제조업,식료품 제조업,동물용 사료 및 조제식품 제조업,,,제일홀딩스(주)
A007860,서연,유가증권시장,경기소비재,자동차 및 부품,자동차부품,"전문, 과학 및 기술 서비스업",전문 서비스업,회사 본부 및 경영 컨설팅 서비스업,,,유양석외 7인
A017890,한국알콜,코스닥,소재,소재,화학,제조업,화학물질 및 화학제품 제조업; 의약품 제외,기타 화학제품 제조업,,,(주)KC&A외 6인
A000140,하이트진로홀딩스,유가증권시장,필수소비재,음식료 및 담배,음료,"전문, 과학 및 기술 서비스업",전문 서비스업,회사 본부 및 경영 컨설팅 서비스업,A,A2,박문덕외 14인
A078520,에이블씨엔씨,유가증권시장,필수소비재,생활용품,개인생활용품,제조업,화학물질 및 화학제품 제조업; 의약품 제외,기타 화학제품 제조업,,,서 영 필외 1인
A058430,포스코스틸리온,유가증권시장,소재,소재,금속 및 광물,제조업,1차 금속 제조업,1차 철강 제조업,,,(주)포스코
A003610,방림,유가증권시장,경기소비재,내구 소비재 및 의류,섬유 및 의복,제조업,섬유제품 제조업; 의복제외,직물직조 및 직물제품 제조업,,,서재희외 2인
A003720,삼영,유가증권시장,소재,소재,용기 및 포장,제조업,고무 및 플라스틱제품 제조업,플라스틱제품 제조업,,,이석준외 1인
A126700,하이비젼시스템,코스닥,IT,하드웨어,휴대폰 및 관련부품,제조업,"의료, 정밀, 광학기기 및 시계 제조업",사진장비 및 광학기기 제조업,,,최두원외 2인
A000480,CR홀딩스,유가증권시장,소재,소재,금속 및 광물,제조업,비금속 광물제품 제조업,"내화, 비내화 요업제품 제조업",,,이인옥외 29인
A121440,골프존홀딩스,코스닥,경기소비재,소비자 서비스,호텔 및 레저,도매 및 소매업,도매 및 상품 중개업,상품 중개업,,,김원일외 27인
A000540,흥국화재,유가증권시장,금융,보험,보험,금융 및 보험업,보험업,보험업,,,흥국생명보험(주)외 3인
A041020,폴라리스오피스,코스닥,IT,소프트웨어,일반 소프트웨어,정보통신업,출판업,소프트웨어 개발 및 공급업,,,곽민철외 1인
A036560,KZ정밀,코스닥,산업재,자본재,기계,제조업,기타 기계 및 장비 제조업,일반 목적용 기계 제조업,,,유중근외 21인
A088800,에이스테크,코스닥,IT,하드웨어,통신장비,제조업,"전자부품, 컴퓨터, 영상, 음향 및 통신장비 제조업",통신 및 방송 장비 제조업,,,구관영외 6인
A102260,동성케미컬,유가증권시장,소재,소재,화학,제조업,화학물질 및 화학제품 제조업; 의약품 제외,합성고무 및 플라스틱 물질 제조업,,,백정호외 6인
A005010,휴스틸,유가증권시장,소재,소재,금속 및 광물,제조업,1차 금속 제조업,1차 철강 제조업,,,박순석외 8인
A037460,삼지전자,코스닥,IT,하드웨어,통신장비,제조업,"전자부품, 컴퓨터, 영상, 음향 및 통신장비 제조업",통신 및 방송 장비 제조업,,,이기남외 11인
A025620,차AI헬스케어,유가증권시장,경기소비재,내구 소비재 및 의류,섬유 및 의복,제조업,화학물질 및 화학제품 제조업; 의약품 제외,기타 화학제품 제조업,,,(주)선포커스외 2인
A086890,이수앱지스,코스닥,의료,제약 및 바이오,바이오,제조업,의료용 물질 및 의약품 제조업,의료용품 및 기타 의약 관련제품 제조업,B+,NA,이수화학(주)외 7인
A123410,코리아에프티,코스닥,경기소비재,자동차 및 부품,자동차부품,제조업,자동차 및 트레일러 제조업,자동차 신품 부품 제조업,,,"SIS S,R,L외 3인"
A126600,BGF에코머티리얼즈,코스닥,경기소비재,자동차 및 부품,자동차부품,제조업,화학물질 및 화학제품 제조업; 의약품 제외,합성고무 및 플라스틱 물질 제조업,,,한상용외 3인
A095700,제넥신,코스닥,의료,제약 및 바이오,바이오,"전문, 과학 및 기술 서비스업",연구개발업,자연과학 및 공학 연구개발업,,,(주)한독외 1인
A003350,한국화장품제조,유가증권시장,필수소비재,생활용품,개인생활용품,제조업,화학물질 및 화학제품 제조업; 의약품 제외,기타 화학제품 제조업,,,임충헌외 11인
A117580,대성에너지,유가증권시장,유틸리티,유틸리티,가스,"전기, 가스, 증기 및 공기조절 공급업","전기, 가스, 증기 및 공기조절 공급업",연료용 가스 제조 및 배관공급업,A+,NA,대성홀딩스(주)외 1인
A010580,에스엠벡셀,유가증권시장,경기소비재,자동차 및 부품,자동차부품,제조업,자동차 및 트레일러 제조업,자동차 신품 부품 제조업,,,엄은종외 7인
A068930,디지털대성,코스닥,경기소비재,소비자 서비스,교육,교육 서비스업,교육 서비스업,일반 교습 학원,,,대성출판(주)외 27인
A035510,신세계 I&C,유가증권시장,IT,소프트웨어,IT 서비스,정보통신업,"컴퓨터 프로그래밍, 시스템 통합 및 관리업","컴퓨터 프로그래밍, 시스템 통합 및 관리업",,,(주)이마트외 2인
A044450,KSS해운,유가증권시장,산업재,운송,해상운수,운수 및 창고업,수상 운송업,해상 운송업,,,박종규외 8인
A092130,이크레더블,코스닥,IT,소프트웨어,인터넷 서비스,정보통신업,정보서비스업,기타 정보 서비스업,,,한국기업평가(주)외 1인
A000520,삼일제약,유가증권시장,의료,제약 및 바이오,제약,제조업,의료용 물질 및 의약품 제조업,의약품 제조업,,,허 강외 8인
A004430,송원산업,유가증권시장,소재,소재,화학,제조업,화학물질 및 화학제품 제조업; 의약품 제외,기타 화학제품 제조업,A,NA,송원물산㈜외 5인
A042420,네오위즈홀딩스,코스닥,IT,소프트웨어,게임 소프트웨어,정보통신업,출판업,소프트웨어 개발 및 공급업,,,나성균외 2인
A002150,도화엔지니어링,유가증권시장,산업재,자본재,건설,"전문, 과학 및 기술 서비스업","건축기술, 엔지니어링 및 기타 과학기술 서비스업","건축기술, 엔지니어링 및 관련 기술 서비스업",,,곽영필외 23인
A030210,다올투자증권,유가증권시장,금융,증권,증권,금융 및 보험업,금융 및 보험 관련 서비스업,금융 지원 서비스업,A-,A2-,권성문외 4인
A115310,인포바인,코스닥,IT,소프트웨어,인터넷 서비스,정보통신업,우편 및 통신업,전기 통신업,,,권성준외 1인
A047560,이스트소프트,코스닥,IT,소프트웨어,일반 소프트웨어,정보통신업,출판업,소프트웨어 개발 및 공급업,,,김장중외 13인
A083310,엘오티베큠,코스닥,IT,반도체,반도체 및 관련장비,제조업,기타 기계 및 장비 제조업,특수 목적용 기계 제조업,,,오흥식외 4인
A083930,아바코,코스닥,IT,디스플레이,디스플레이 및 관련부품,제조업,기타 기계 및 장비 제조업,특수 목적용 기계 제조업,,,위재곤외 9인
A005680,삼영전자,유가증권시장,산업재,자본재,전기장비,제조업,"전자부품, 컴퓨터, 영상, 음향 및 통신장비 제조업",전자부품 제조업,,,일본케미콘(주)
A016580,환인제약,유가증권시장,의료,제약 및 바이오,제약,제조업,의료용 물질 및 의약품 제조업,의약품 제조업,,,이광식외 1인
A057880,푸른소나무,코스닥,IT,하드웨어,셋톱 박스,보건업 및 사회복지 서비스업,사회복지 서비스업,비거주 복지시설 운영업,,,이용철외 2인
A082800,비보존 제약,코스닥,IT,디스플레이,디스플레이 및 관련부품,제조업,의료용 물질 및 의약품 제조업,의약품 제조업,B-,NA,금호전기(주)외 5인
A048870,시너지이노베이션,코스닥,IT,하드웨어,전자 장비 및 기기,제조업,"의료, 정밀, 광학기기 및 시계 제조업",의료용 기기 제조업,,,에스티에스 반도체통신(주) 외 1인
A102460,이연제약,유가증권시장,의료,제약 및 바이오,제약,제조업,의료용 물질 및 의약품 제조업,의약품 제조업,,,유용환외 5인
A054450,텔레칩스,코스닥,IT,반도체,반도체 및 관련장비,제조업,"전자부품, 컴퓨터, 영상, 음향 및 통신장비 제조업",반도체 제조업,,,이장규외 1인
A014280,금강공업,유가증권시장,산업재,자본재,건축자재,제조업,1차 금속 제조업,1차 철강 제조업,BBB-,NA,안영순외 3인
A060150,인선이엔티,코스닥,산업재,상업서비스,상업서비스,"수도, 하수 및 폐기물 처리, 원료 재생업","폐기물 수집, 운반, 처리 및 원료 재생업",폐기물 처리업,,,오종택외 1인
A123860,아나패스,코스닥,IT,디스플레이,디스플레이 및 관련부품,제조업,"전자부품, 컴퓨터, 영상, 음향 및 통신장비 제조업",반도체 제조업,,,이경호외 2인
A004380,삼익THK,유가증권시장,산업재,자본재,기계,제조업,기타 기계 및 장비 제조업,일반 목적용 기계 제조업,,,진영환외 21인
A006060,화승인더,유가증권시장,경기소비재,내구 소비재 및 의류,섬유 및 의복,도매 및 소매업,도매 및 상품 중개업,상품 종합 도매업,,,(주)화승R&A외 4인
A134380,미원화학,유가증권시장,소재,소재,화학,제조업,화학물질 및 화학제품 제조업; 의약품 제외,기타 화학제품 제조업,,,김정돈외 35인
A032620,유비케어,코스닥,의료,의료장비 및 서비스,의료 장비 및 서비스,정보통신업,출판업,소프트웨어 개발 및 공급업,,,SK케미칼(주)
A053350,이니텍,코스닥,IT,소프트웨어,일반 소프트웨어,정보통신업,출판업,소프트웨어 개발 및 공급업,,,주)에이치엔씨네트워크
A053690,한미글로벌,유가증권시장,산업재,자본재,건설,"전문, 과학 및 기술 서비스업","건축기술, 엔지니어링 및 기타 과학기술 서비스업","건축기술, 엔지니어링 및 관련 기술 서비스업",,,김종훈 (등기)외 16인
A008970,KBI동양철관,유가증권시장,소재,소재,금속 및 광물,제조업,1차 금속 제조업,1차 철강 제조업,,,동국실업(주)외 3인
A091580,상신이디피,코스닥,IT,하드웨어,전자 장비 및 기기,제조업,전기장비 제조업,일차전지 및 이차전지 제조업,,,김일부외 6인
A001520,동양,유가증권시장,소재,소재,건축소재,제조업,비금속 광물제품 제조업,"시멘트, 석회, 플라스터 및 그 제품 제조업",,,동양레저
A009070,KCTC,유가증권시장,산업재,운송,육상운수,운수 및 창고업,육상운송 및 파이프라인 운송업,도로 화물 운송업,,,박현규외 9인
A079960,동양이엔피,코스닥,IT,하드웨어,전자 장비 및 기기,제조업,전기장비 제조업,"전동기, 발전기 및 전기 변환ㆍ 공급ㆍ제어 장치 제조업",,,김재수외 9인
A182360,큐브엔터,코스닥,금융,기타금융,창업투자 및 종금,정보통신업,영상ㆍ오디오 기록물 제작 및 배급업,오디오물 출판 및 원판 녹음업,,,유경피에스지자산운용(주)
A009470,삼화전기,유가증권시장,산업재,자본재,전기장비,제조업,"전자부품, 컴퓨터, 영상, 음향 및 통신장비 제조업",전자부품 제조업,,,오영주외 2인
A001250,GS글로벌,유가증권시장,산업재,자본재,무역,도매 및 소매업,도매 및 상품 중개업,상품 종합 도매업,A,NA,(주)GS외 2인
A038390,레드캡투어,코스닥,경기소비재,소비자 서비스,호텔 및 레저,"사업시설 관리, 사업 지원 및 임대 서비스업",사업지원 서비스업,여행사 및 기타 여행보조 서비스업,,,(주)범한판토스외 5인
A080160,모두투어,코스닥,경기소비재,소비자 서비스,호텔 및 레저,"사업시설 관리, 사업 지원 및 임대 서비스업",사업지원 서비스업,여행사 및 기타 여행보조 서비스업,,,우종웅외 9인
A003650,미창석유,유가증권시장,소재,소재,화학,제조업,"코크스, 연탄 및 석유정제품 제조업",석유 정제품 제조업,NA,A1,유재순외 1인
A102120,어보브반도체,코스닥,IT,반도체,반도체 및 관련장비,제조업,"전자부품, 컴퓨터, 영상, 음향 및 통신장비 제조업",반도체 제조업,,,최 원외 10인
A100120,뷰웍스,코스닥,의료,의료장비 및 서비스,의료 장비 및 서비스,제조업,"의료, 정밀, 광학기기 및 시계 제조업",의료용 기기 제조업,,,김후식외 6인
A067280,멀티캠퍼스,코스닥,경기소비재,소비자 서비스,교육,교육 서비스업,교육 서비스업,기타 교육기관,,,삼성에스디에스(주)외 4인
A033160,엠케이전자,코스닥,IT,반도체,반도체 및 관련장비,제조업,"전자부품, 컴퓨터, 영상, 음향 및 통신장비 제조업",전자부품 제조업,,,(주)오션비홀딩스외 1인
A004310,현대약품,유가증권시장,의료,제약 및 바이오,제약,제조업,의료용 물질 및 의약품 제조업,의약품 제조업,,,이한구외 7인
A005430,한국공항,유가증권시장,산업재,운송,항공운수,운수 및 창고업,창고 및 운송관련 서비스업,기타 운송관련 서비스업,,,대한항공외 1인
A143160,아이디스,코스닥,IT,하드웨어,보안장비,제조업,"전자부품, 컴퓨터, 영상, 음향 및 통신장비 제조업",통신 및 방송 장비 제조업,,,(주)아이디스홀딩스외 4인
A001780,알루코,유가증권시장,소재,소재,금속 및 광물,제조업,1차 금속 제조업,1차 비철금속 제조업,BBB-,NA,(주)케이피티유외 5인
A004710,한솔테크닉스,유가증권시장,IT,디스플레이,디스플레이 및 관련부품,제조업,"전자부품, 컴퓨터, 영상, 음향 및 통신장비 제조업",전자부품 제조업,BBB+,A3+,한솔제지외 2인
A054540,삼영엠텍,코스닥,산업재,자본재,기계,제조업,금속가공제품 제조업; 기계 및 가구 제외,"구조용 금속제품, 탱크 및 증기발생기 제조업",,,강문식외 2인
A010820,퍼스텍,유가증권시장,산업재,상업서비스,상업서비스,제조업,금속가공제품 제조업; 기계 및 가구 제외,무기 및 총포탄 제조업,,,김근수외 4인
A019210,와이지-원,코스닥,산업재,자본재,기계,제조업,금속가공제품 제조업; 기계 및 가구 제외,기타 금속 가공제품 제조업,BBB,NA,송호근외 6인
A119610,인터로조,코스닥,필수소비재,생활용품,개인생활용품,제조업,"의료, 정밀, 광학기기 및 시계 제조업",의료용 기기 제조업,,,노시철외 6인
A015230,대창단조,유가증권시장,산업재,자본재,기계,제조업,자동차 및 트레일러 제조업,자동차 신품 부품 제조업,,,박안식외 4인
A013580,계룡건설,유가증권시장,산업재,자본재,건설,건설업,종합 건설업,토목 건설업,BBB+,NA,이인구외 16인
A036420,콘텐트리중앙,유가증권시장,경기소비재,미디어,미디어,정보통신업,영상ㆍ오디오 기록물 제작 및 배급업,"영화, 비디오물, 방송프로그램 제작 및 배급업",BBB,A3,중앙미디어네트워크 외 3인
A016880,웅진,유가증권시장,산업재,자본재,복합 산업,"전문, 과학 및 기술 서비스업",전문 서비스업,회사 본부 및 경영 컨설팅 서비스업,,,윤형덕외 8인
A084680,이월드,유가증권시장,경기소비재,소비자 서비스,호텔 및 레저,제조업,기타 제품 제조업,귀금속 및 장신용품 제조업,,,(주)이랜드파크
A073010,케이에스피,코스닥,산업재,자본재,조선,제조업,기타 기계 및 장비 제조업,일반 목적용 기계 제조업,,,한국공작기계(주)외 2인
A108230,톱텍,코스닥,IT,디스플레이,디스플레이 및 관련부품,제조업,기타 기계 및 장비 제조업,특수 목적용 기계 제조업,BB,NA,이재환외 2인
A011040,경동제약,코스닥,의료,제약 및 바이오,제약,제조업,의료용 물질 및 의약품 제조업,의약품 제조업,,,류덕희외 37인
A100250,진양홀딩스,유가증권시장,소재,소재,화학,제조업,고무 및 플라스틱제품 제조업,플라스틱제품 제조업,,,KPX홀딩스(주)외 8인
A078070,유비쿼스홀딩스,코스닥,IT,하드웨어,통신장비,"전문, 과학 및 기술 서비스업",전문 서비스업,회사 본부 및 경영 컨설팅 서비스업,,,이상근외 7인
A046440,KG모빌리언스,코스닥,IT,소프트웨어,인터넷 서비스,정보통신업,출판업,소프트웨어 개발 및 공급업,,,(주)KG이니시스외 2인
A036190,금화피에스시,코스닥,산업재,자본재,건설,건설업,전문직별 공사업,전기 및 통신 공사업,,,김성기외 13인
A037560,LG헬로비전,유가증권시장,경기소비재,미디어,미디어,정보통신업,방송 및 영상·오디오물 제공 서비스업,텔레비전 방송업,AA-,NA,주)씨제이오쇼핑
A071840,롯데하이마트,유가증권시장,경기소비재,유통,도소매,도매 및 소매업,소매업; 자동차 제외,가전제품 및 정보통신장비 소매업,A+,A2+,롯데쇼핑외 1인
A002100,경농,유가증권시장,소재,소재,화학,제조업,화학물질 및 화학제품 제조업; 의약품 제외,"비료, 농약 및 살균, 살충제 제조업",NA,A1,(주)동오레저외 5인
A040300,YTN,코스닥,경기소비재,미디어,미디어,정보통신업,영상ㆍ오디오 기록물 제작 및 배급업,"영화, 비디오물, 방송프로그램 제작 및 배급업",,,한전케이디엔외 4인
A038290,마크로젠,코스닥,의료,제약 및 바이오,바이오,"전문, 과학 및 기술 서비스업","기타 전문, 과학 및 기술 서비스업","그 외 기타 전문, 과학 및 기술 서비스업",,,서정선외 5인
A001080,만호제강,유가증권시장,소재,소재,금속 및 광물,제조업,1차 금속 제조업,1차 철강 제조업,,,김영규외 16인
A023910,대한약품,코스닥,의료,제약 및 바이오,제약,제조업,의료용 물질 및 의약품 제조업,의약품 제조업,,,이윤우외 13인
A000230,일동홀딩스,유가증권시장,의료,제약 및 바이오,제약,제조업,의료용 물질 및 의약품 제조업,의약품 제조업,,,씨엠제이씨(주)외 18인
A109740,디에스케이,코스닥,IT,디스플레이,디스플레이 및 관련부품,제조업,기타 기계 및 장비 제조업,특수 목적용 기계 제조업,,,김태구외 3인
A094820,일진파워,코스닥,에너지,에너지,에너지 시설 및 서비스,건설업,전문직별 공사업,전기 및 통신 공사업,,,이상업외 5인
A024060,흥구석유,코스닥,에너지,에너지,석유 및 가스,도매 및 소매업,도매 및 상품 중개업,기타 전문 도매업,,,김상우외 4인
A081000,일진다이아,유가증권시장,소재,소재,금속 및 광물,제조업,화학물질 및 화학제품 제조업; 의약품 제외,기타 화학제품 제조업,,,일진홀딩스㈜외 4인
A101970,우양에이치씨,코스닥,산업재,자본재,기계,제조업,금속가공제품 제조업; 기계 및 가구 제외,"구조용 금속제품, 탱크 및 증기발생기 제조업",,,박민관외 2인
A042600,새로닉스,코스닥,IT,디스플레이,디스플레이 및 관련부품,제조업,"전자부품, 컴퓨터, 영상, 음향 및 통신장비 제조업",전자부품 제조업,,,허제홍외 9인
A041920,메디아나,코스닥,의료,의료장비 및 서비스,의료 장비 및 서비스,제조업,"의료, 정밀, 광학기기 및 시계 제조업",의료용 기기 제조업,,,길문종외 7인
A036220,오상헬스케어,코스닥,의료,의료장비 및 서비스,의료 장비 및 서비스,제조업,"의료, 정밀, 광학기기 및 시계 제조업",의료용 기기 제조업,,,배병우외 5인
A004090,한국석유,유가증권시장,소재,소재,건축소재,제조업,비금속 광물제품 제조업,기타 비금속 광물제품 제조업,,,강봉구외 19인
A000020,동화약품,유가증권시장,의료,제약 및 바이오,제약,제조업,의료용 물질 및 의약품 제조업,의약품 제조업,,,윤도준외 25인
A078150,HB테크놀러지,코스닥,IT,디스플레이,디스플레이 및 관련부품,제조업,기타 기계 및 장비 제조업,특수 목적용 기계 제조업,,,(주)에이치비콥외 7인
A090350,노루페인트,유가증권시장,산업재,자본재,건축자재,제조업,화학물질 및 화학제품 제조업; 의약품 제외,기타 화학제품 제조업,,,㈜노루홀딩스외 20인
A073490,이노와이어리스,코스닥,IT,하드웨어,통신장비,제조업,"전자부품, 컴퓨터, 영상, 음향 및 통신장비 제조업",통신 및 방송 장비 제조업,,,정종태외 1인
A084670,동양고속,유가증권시장,산업재,운송,육상운수,운수 및 창고업,육상운송 및 파이프라인 운송업,육상 여객 운송업,,,최성원외 4인
A069510,에스텍,코스닥,경기소비재,내구 소비재 및 의류,내구소비재,제조업,"전자부품, 컴퓨터, 영상, 음향 및 통신장비 제조업",영상 및 음향기기 제조업,,,"Foster Electric Co.,Ltd외 2인"
A011000,진원생명과학,유가증권시장,경기소비재,내구 소비재 및 의류,섬유 및 의복,제조업,의료용 물질 및 의약품 제조업,의약품 제조업,,,"VGXPHARMACEUTICALS,LLC외 4인"
A025820,이구산업,유가증권시장,소재,소재,금속 및 광물,제조업,1차 금속 제조업,1차 비철금속 제조업,,,손인국외 18인
A064290,인텍플러스,코스닥,IT,반도체,반도체 및 관련장비,제조업,기타 기계 및 장비 제조업,특수 목적용 기계 제조업,,,임쌍근외 2인
A001360,삼성제약,유가증권시장,의료,제약 및 바이오,제약,제조업,의료용 물질 및 의약품 제조업,의약품 제조업,,,젬백스&카엘외 2인
A039830,오로라,코스닥,경기소비재,내구 소비재 및 의류,레저용품,"전문, 과학 및 기술 서비스업","기타 전문, 과학 및 기술 서비스업",전문 디자인업,,,노희열외 7인
A122450,KX,코스닥,경기소비재,미디어,미디어,정보통신업,방송 및 영상·오디오물 제공 서비스업,텔레비전 방송업,,,최상주외 9인
A016450,한세예스24홀딩스,유가증권시장,경기소비재,내구 소비재 및 의류,섬유 및 의복,제조업,"의복, 의복 액세서리 및 모피제품 제조업",봉제의복 제조업,BBB,NA,김석환외 15인
A170920,엘티씨,코스닥,IT,반도체,반도체 및 관련장비,제조업,화학물질 및 화학제품 제조업; 의약품 제외,기초 화학물질 제조업,,,최호성외 7인
A066620,국보디자인,코스닥,산업재,자본재,건설,건설업,전문직별 공사업,실내건축 및 건축마무리 공사업,,,황창연외 5인
A004560,현대비앤지스틸,유가증권시장,소재,소재,금속 및 광물,제조업,1차 금속 제조업,1차 철강 제조업,A,NA,현대제철(주)외 3인
A033340,좋은사람들,코스닥,경기소비재,내구 소비재 및 의류,섬유 및 의복,제조업,"의복, 의복 액세서리 및 모피제품 제조업",봉제의복 제조업,,,염덕희외 4인
A000970,한국주철관,유가증권시장,소재,소재,금속 및 광물,제조업,1차 금속 제조업,1차 철강 제조업,,,김길출외 7인
A000860,강남제비스코,유가증권시장,산업재,자본재,건축자재,제조업,화학물질 및 화학제품 제조업; 의약품 제외,기타 화학제품 제조업,BBB-,NA,황중운외 8인
A009270,신원,유가증권시장,경기소비재,내구 소비재 및 의류,섬유 및 의복,제조업,"의복, 의복 액세서리 및 모피제품 제조업",봉제의복 제조업,BBB-,NA,티앤엠 커뮤니케이션즈외 3인
A002170,삼양통상,유가증권시장,경기소비재,내구 소비재 및 의류,섬유 및 의복,제조업,"가죽, 가방 및 신발 제조업","가죽, 가방 및 유사제품 제조업",,,허남각외 6인
A049950,미래컴퍼니,코스닥,IT,디스플레이,디스플레이 및 관련부품,제조업,기타 기계 및 장비 제조업,특수 목적용 기계 제조업,,,김준구외 2인
A083420,그린케미칼,유가증권시장,소재,소재,화학,제조업,화학물질 및 화학제품 제조업; 의약품 제외,기타 화학제품 제조업,,,KPX홀딩스(주)외 8인
A003460,유화증권,유가증권시장,금융,증권,증권,금융 및 보험업,금융 및 보험 관련 서비스업,금융 지원 서비스업,,,윤경립외 25인
A000300,DH오토넥스,유가증권시장,경기소비재,자동차 및 부품,자동차부품,제조업,자동차 및 트레일러 제조업,자동차 신품 부품 제조업,,,(주)동강홀딩스외 8인
A007330,푸른저축은행,코스닥,금융,은행,상호저축은행,금융 및 보험업,금융업,은행 및 저축기관,BBB+,NA,주신홍외 6인
A047310,파워로직스,코스닥,IT,하드웨어,전자 장비 및 기기,제조업,전기장비 제조업,"전동기, 발전기 및 전기 변환ㆍ 공급ㆍ제어 장치 제조업",,,(주)탑엔지니어링외 1인
A025950,동신건설,코스닥,산업재,자본재,건설,건설업,종합 건설업,토목 건설업,,,김근한외 7인
A035080,그래디언트,코스닥,경기소비재,유통,온라인쇼핑,도매 및 소매업,소매업; 자동차 제외,무점포 소매업,,,이기형외 3인
A003830,대한화섬,유가증권시장,소재,소재,화학,제조업,화학물질 및 화학제품 제조업; 의약품 제외,화학섬유 제조업,,,이호진외 6인
A009580,무림P&P,유가증권시장,소재,소재,종이 및 목재,제조업,"펄프, 종이 및 종이제품 제조업","펄프, 종이 및 판지 제조업",A-,A2-,무림페이퍼(주)외 1인
A000700,유수홀딩스,유가증권시장,산업재,운송,해상운수,"전문, 과학 및 기술 서비스업",전문 서비스업,회사 본부 및 경영 컨설팅 서비스업,,,최은영외 4인
A000390,삼화페인트,유가증권시장,산업재,자본재,건축자재,제조업,화학물질 및 화학제품 제조업; 의약품 제외,기타 화학제품 제조업,,,김장연외 4인
A092070,디엔에프,코스닥,IT,반도체,반도체 및 관련장비,제조업,화학물질 및 화학제품 제조업; 의약품 제외,기타 화학제품 제조업,,,김명운외 3인
A018470,조일알미늄,유가증권시장,소재,소재,금속 및 광물,제조업,1차 금속 제조업,1차 비철금속 제조업,,,이영호외 2인
A008040,사조동아원,유가증권시장,필수소비재,음식료 및 담배,식료품,제조업,식료품 제조업,"곡물가공품, 전분 및 전분제품 제조업",,,한국제분(주)외 23인
A008830,대동기어,코스닥,산업재,자본재,기계,제조업,기타 기계 및 장비 제조업,특수 목적용 기계 제조업,,,①대동공업외 6인
A019680,대교,유가증권시장,경기소비재,소비자 서비스,교육,교육 서비스업,교육 서비스업,초등 교육기관,,,㈜대교홀딩스외 29인
A039860,나노엔텍,코스닥,의료,의료장비 및 서비스,의료 장비 및 서비스,제조업,"의료, 정밀, 광학기기 및 시계 제조업",의료용 기기 제조업,,,SK텔레콤(주)외 2인
A066410,버킷스튜디오,코스닥,경기소비재,미디어,미디어,정보통신업,우편 및 통신업,전기 통신업,,,화이텍포커스투자조합2호외 3인
A011560,세보엠이씨,코스닥,산업재,자본재,건설,건설업,전문직별 공사업,건물설비 설치 공사업,,,김우영 외 2인
A005160,동국산업,코스닥,소재,소재,금속 및 광물,제조업,1차 금속 제조업,1차 철강 제조업,,,장세희외 9인
A080420,모다이노칩,코스닥,IT,하드웨어,전자 장비 및 기기,도매 및 소매업,소매업; 자동차 제외,"섬유, 의복, 신발 및 가죽제품 소매업",,,(주)케이아이지 외 4인
A046070,코다코,코스닥,경기소비재,자동차 및 부품,자동차부품,제조업,자동차 및 트레일러 제조업,자동차 신품 부품 제조업,,,인귀승외 5인
A052330,코텍,코스닥,IT,디스플레이,디스플레이 및 관련부품,제조업,"전자부품, 컴퓨터, 영상, 음향 및 통신장비 제조업",영상 및 음향기기 제조업,,,(주)아이디스홀딩스
A143240,사람인,코스닥,산업재,상업서비스,상업서비스,정보통신업,정보서비스업,"자료처리, 호스팅, 포털 및 기타 인터넷 정보매개 서비스업",,,(주)다우기술외 11인
A092040,아미코젠,코스닥,의료,제약 및 바이오,제약,제조업,식료품 제조업,기타 식품 제조업,,,신용철외 2인
A123690,한국화장품,유가증권시장,필수소비재,생활용품,개인생활용품,도매 및 소매업,도매 및 상품 중개업,생활용품 도매업,,,(주)한국화장품제조외 10인
A002390,한독,유가증권시장,의료,제약 및 바이오,제약,제조업,의료용 물질 및 의약품 제조업,의약품 제조업,BBB,NA,김영진외 7인
A008110,대동전자,유가증권시장,IT,하드웨어,전자 장비 및 기기,제조업,"전자부품, 컴퓨터, 영상, 음향 및 통신장비 제조업",통신 및 방송 장비 제조업,,,강정우외 2인
A037070,파세코,코스닥,경기소비재,내구 소비재 및 의류,내구소비재,제조업,전기장비 제조업,가정용 기기 제조업,,,유정한외 9인
A049720,고려신용정보,코스닥,산업재,상업서비스,상업서비스,"사업시설 관리, 사업 지원 및 임대 서비스업",사업지원 서비스업,기타 사업지원 서비스업,,,윤의국외 8인
A107590,미원홀딩스,유가증권시장,소재,소재,화학,금융 및 보험업,금융업,기타 금융업,,,김정돈외 37인
A122990,와이솔,코스닥,IT,하드웨어,휴대폰 및 관련부품,제조업,"전자부품, 컴퓨터, 영상, 음향 및 통신장비 제조업",전자부품 제조업,,,김지호외 9인
A095720,웅진씽크빅,유가증권시장,경기소비재,소비자 서비스,교육,교육 서비스업,교육 서비스업,초등 교육기관,,,㈜웅진홀딩스외 9인
A101170,우림피티에스,코스닥,산업재,자본재,기계,제조업,기타 기계 및 장비 제조업,일반 목적용 기계 제조업,,,한현석외 5인
A005800,신영와코루,유가증권시장,경기소비재,내구 소비재 및 의류,섬유 및 의복,제조업,"의복, 의복 액세서리 및 모피제품 제조업",봉제의복 제조업,,,이의평외 3인
A067000,조이시티,코스닥,IT,소프트웨어,게임 소프트웨어,정보통신업,출판업,소프트웨어 개발 및 공급업,,,코에프씨스카이레이크그로쓰챔프외 8인
A086980,쇼박스,코스닥,경기소비재,미디어,미디어,정보통신업,영상ㆍ오디오 기록물 제작 및 배급업,"영화, 비디오물, 방송프로그램 제작 및 배급업",,,(주)오리온외 1인
A031440,신세계푸드,유가증권시장,필수소비재,음식료 및 담배,식료품,숙박 및 음식점업,음식점 및 주점업,음식점업,A+,NA,(주)이마트외 3인
A023600,삼보판지,코스닥,소재,소재,용기 및 포장,제조업,"펄프, 종이 및 종이제품 제조업","펄프, 종이 및 판지 제조업",,,류진호외 5인
A098120,마이크로컨텍솔,코스닥,IT,반도체,반도체 및 관련장비,제조업,"전자부품, 컴퓨터, 영상, 음향 및 통신장비 제조업",전자부품 제조업,,,양승은외 5인
A002990,금호건설,유가증권시장,산업재,자본재,건설,건설업,종합 건설업,건물 건설업,,,박삼구외 10인
A015890,태경산업,유가증권시장,산업재,자본재,복합 산업,제조업,화학물질 및 화학제품 제조업; 의약품 제외,기초 화학물질 제조업,,,김해련외 6인
A084650,랩지노믹스,코스닥,의료,제약 및 바이오,바이오,"전문, 과학 및 기술 서비스업",연구개발업,자연과학 및 공학 연구개발업,,,진승현외 5인
A089600,KT나스미디어,코스닥,경기소비재,미디어,미디어,"전문, 과학 및 기술 서비스업",전문 서비스업,광고업,,,케이티외 5인
A036710,심텍홀딩스,코스닥,IT,하드웨어,전자 장비 및 기기,"전문, 과학 및 기술 서비스업",전문 서비스업,회사 본부 및 경영 컨설팅 서비스업,,,전세호
A104480,티케이케미칼,코스닥,소재,소재,화학,제조업,화학물질 및 화학제품 제조업; 의약품 제외,화학섬유 제조업,,,(주)에스엠티케미칼외 23인
A041440,현대에버다임,코스닥,산업재,자본재,기계,제조업,기타 기계 및 장비 제조업,특수 목적용 기계 제조업,,,신한제2호사모투자전문회사외 12인
A035000,HS애드,유가증권시장,경기소비재,미디어,미디어,"전문, 과학 및 기술 서비스업",전문 서비스업,광고업,,,(주)LG외 1인
A012610,경인양행,유가증권시장,소재,소재,화학,제조업,화학물질 및 화학제품 제조업; 의약품 제외,기초 화학물질 제조업,,,김흥준외 22인
A104460,디와이피엔에프,코스닥,산업재,자본재,기계,제조업,기타 기계 및 장비 제조업,일반 목적용 기계 제조업,,,조좌진외 11인
A021080,에이티넘인베스트,코스닥,금융,기타금융,창업투자 및 종금,금융 및 보험업,금융업,신탁업 및 집합투자업,,,(주)에이티넘 파트너스
A052420,오성첨단소재,코스닥,IT,디스플레이,디스플레이 및 관련부품,제조업,고무 및 플라스틱제품 제조업,플라스틱제품 제조업,,,한국산업은행외 2인
A094280,효성ITX,유가증권시장,산업재,상업서비스,상업서비스,"사업시설 관리, 사업 지원 및 임대 서비스업",사업지원 서비스업,기타 사업지원 서비스업,,,조현준외 1인
A068790,DMS,코스닥,IT,디스플레이,디스플레이 및 관련부품,제조업,기타 기계 및 장비 제조업,특수 목적용 기계 제조업,,,박용석외 3인
A004970,신라교역,유가증권시장,필수소비재,음식료 및 담배,식료품,"농업, 임업 및 어업",어업,어로 어업,,,(주)신라홀딩스외 13인
A005990,매일홀딩스,코스닥,필수소비재,음식료 및 담배,식료품,제조업,식료품 제조업,동·식물성 유지 및 낙농제품 제조업,,,김정완외 7인
A067830,세이브존I&C,유가증권시장,경기소비재,유통,백화점,도매 및 소매업,소매업; 자동차 제외,종합 소매업,,,(주)세이브존외 16인
A014710,사조씨푸드,유가증권시장,필수소비재,음식료 및 담배,식료품,제조업,식료품 제조업,수산물 가공 및 저장 처리업,,,사조산업(주)외 1인
A136540,윈스테크넷,코스닥,IT,소프트웨어,일반 소프트웨어,정보통신업,"컴퓨터 프로그래밍, 시스템 통합 및 관리업","컴퓨터 프로그래밍, 시스템 통합 및 관리업",,,금양통신외 6인
A013990,아가방컴퍼니,코스닥,경기소비재,내구 소비재 및 의류,섬유 및 의복,도매 및 소매업,도매 및 상품 중개업,생활용품 도매업,,,랑시코리아(주)
A063570,NICE인프라,코스닥,산업재,상업서비스,상업서비스,"사업시설 관리, 사업 지원 및 임대 서비스업",사업지원 서비스업,기타 사업지원 서비스업,NA,A1,㈜NICE홀딩스
A071280,로체시스템즈,코스닥,IT,디스플레이,디스플레이 및 관련부품,제조업,기타 기계 및 장비 제조업,특수 목적용 기계 제조업,,,Rorze International외 2인
A039980,폴라리스AI,코스닥,IT,하드웨어,통신장비,정보통신업,"컴퓨터 프로그래밍, 시스템 통합 및 관리업","컴퓨터 프로그래밍, 시스템 통합 및 관리업",,,스페스유한회사외 4인
A003480,한진중공업홀딩스,유가증권시장,유틸리티,유틸리티,가스,"전기, 가스, 증기 및 공기조절 공급업","전기, 가스, 증기 및 공기조절 공급업",연료용 가스 제조 및 배관공급업,,,조남호외 8인
A016710,대성홀딩스,유가증권시장,유틸리티,유틸리티,가스,"전문, 과학 및 기술 서비스업",전문 서비스업,회사 본부 및 경영 컨설팅 서비스업,A+,NA,김영훈외 2인
A004250,NPC,유가증권시장,소재,소재,화학,제조업,고무 및 플라스틱제품 제조업,플라스틱제품 제조업,,,임익성외 11인
A123330,제닉,코스닥,필수소비재,생활용품,개인생활용품,제조업,화학물질 및 화학제품 제조업; 의약품 제외,기타 화학제품 제조업,,,유현오외 4인
A017510,세명전기,코스닥,산업재,자본재,전기장비,제조업,금속가공제품 제조업; 기계 및 가구 제외,기타 금속 가공제품 제조업,,,권철현외 8인
A024090,디씨엠,유가증권시장,소재,소재,금속 및 광물,제조업,1차 금속 제조업,1차 철강 제조업,,,정연택외 7인
A068240,다원시스,코스닥,산업재,자본재,전기장비,제조업,전기장비 제조업,"전동기, 발전기 및 전기 변환ㆍ 공급ㆍ제어 장치 제조업",BB-,NA,박선순외 7인
A078000,텔코웨어,유가증권시장,IT,소프트웨어,일반 소프트웨어,정보통신업,정보서비스업,"자료처리, 호스팅, 포털 및 기타 인터넷 정보매개 서비스업",,,금한태외 4인
A059210,메타바이오메드,코스닥,의료,의료장비 및 서비스,의료 장비 및 서비스,제조업,의료용 물질 및 의약품 제조업,의료용품 및 기타 의약 관련제품 제조업,,,오석송
A007540,샘표,유가증권시장,필수소비재,음식료 및 담배,식료품,"전문, 과학 및 기술 서비스업",전문 서비스업,회사 본부 및 경영 컨설팅 서비스업,,,박진선외 7인
A096240,크레버스,코스닥,경기소비재,소비자 서비스,교육,교육 서비스업,교육 서비스업,일반 교습 학원,,,김영화외 10인
A071200,인피니트헬스케어,코스닥,의료,의료장비 및 서비스,의료 장비 및 서비스,정보통신업,출판업,소프트웨어 개발 및 공급업,,,(주)솔본외 3인
A009780,엠에스씨,코스닥,필수소비재,음식료 및 담배,식료품,제조업,식료품 제조업,기타 식품 제조업,,,김길제외 6인
A011690,와이투솔루션,유가증권시장,IT,하드웨어,전자 장비 및 기기,제조업,"전자부품, 컴퓨터, 영상, 음향 및 통신장비 제조업",반도체 제조업,,,조소언외 3인
A030960,양지사,코스닥,산업재,상업서비스,상업서비스,제조업,인쇄 및 기록매체 복제업,인쇄 및 인쇄관련 산업,,,이배구외 2인
A092220,KEC,유가증권시장,IT,반도체,반도체 및 관련장비,제조업,"전자부품, 컴퓨터, 영상, 음향 및 통신장비 제조업",반도체 제조업,NA,A1,(주)한국전자홀딩스외 9인
A027970,한국제지,유가증권시장,소재,소재,종이 및 목재,제조업,"펄프, 종이 및 종이제품 제조업","펄프, 종이 및 판지 제조업",,,유암코워크아웃제일차기업재무안정 사모투자전문회사외 1인
A019440,세아특수강,유가증권시장,소재,소재,금속 및 광물,제조업,1차 금속 제조업,1차 철강 제조업,,,(주)세아홀딩스외 1인
A013360,일성건설,유가증권시장,산업재,자본재,건설,건설업,종합 건설업,토목 건설업,BB,NA,IB Capital Ltd외 4인
A078140,대봉엘에스,코스닥,의료,제약 및 바이오,제약,제조업,의료용 물질 및 의약품 제조업,의약품 제조업,,,박종호외 9인
A131370,알서포트,코스닥,금융,기타금융,창업투자 및 종금,정보통신업,출판업,소프트웨어 개발 및 공급업,,,서형수외 4인
A011280,태림포장,유가증권시장,소재,소재,용기 및 포장,제조업,"펄프, 종이 및 종이제품 제조업","골판지, 종이 상자 및 종이 용기 제조업",,,정동섭외 9인
A123040,엠에스오토텍,코스닥,경기소비재,자동차 및 부품,자동차부품,제조업,자동차 및 트레일러 제조업,자동차 신품 부품 제조업,,,이태규외 3인
A072870,메가스터디,코스닥,경기소비재,소비자 서비스,교육,정보통신업,출판업,"서적, 잡지 및 기타 인쇄물 출판업",,,손주은외 2인
A002460,HS화성,유가증권시장,산업재,자본재,건설,건설업,종합 건설업,건물 건설업,,,이인중외 27인
A149950,아바텍,코스닥,IT,디스플레이,디스플레이 및 관련부품,제조업,"전자부품, 컴퓨터, 영상, 음향 및 통신장비 제조업",전자부품 제조업,,,위재곤외 11인
A089470,HDC현대EP,유가증권시장,경기소비재,자동차 및 부품,자동차부품,제조업,화학물질 및 화학제품 제조업; 의약품 제외,기타 화학제품 제조업,,,현대산업개발외 2인
A004960,한신공영,유가증권시장,산업재,자본재,건설,건설업,종합 건설업,건물 건설업,BBB-,NA,코암시앤시개발(주)
A033180,KH 필룩스,유가증권시장,필수소비재,생활용품,가정생활용품,제조업,"전자부품, 컴퓨터, 영상, 음향 및 통신장비 제조업",전자부품 제조업,,,노시청
A095190,이엠코리아,코스닥,산업재,자본재,기계,제조업,금속가공제품 제조업; 기계 및 가구 제외,기타 금속 가공제품 제조업,,,강삼수외 2인
A067990,도이치모터스,코스닥,경기소비재,자동차 및 부품,자동차,도매 및 소매업,자동차 및 부품 판매업,자동차 판매업,,,권오수외 2인
A077500,유니퀘스트,유가증권시장,IT,반도체,반도체 및 관련장비,도매 및 소매업,도매 및 상품 중개업,기계장비 및 관련 물품 도매업,,,임 창 완외 3인
A014580,태경비케이,유가증권시장,소재,소재,건축소재,제조업,비금속 광물제품 제조업,"시멘트, 석회, 플라스터 및 그 제품 제조업",,,태경산업 주식회사외 5인
A005960,동부건설,유가증권시장,산업재,자본재,건설,건설업,종합 건설업,토목 건설업,NA,A3,김준기외 37인
A008350,남선알미늄,유가증권시장,소재,소재,금속 및 광물,제조업,1차 금속 제조업,1차 비철금속 제조업,,,(주)삼라외 6인
A052710,아모텍,코스닥,IT,하드웨어,전자 장비 및 기기,제조업,"전자부품, 컴퓨터, 영상, 음향 및 통신장비 제조업",전자부품 제조업,,,김병규외 5인
A010100,한국무브넥스,유가증권시장,경기소비재,자동차 및 부품,자동차부품,제조업,자동차 및 트레일러 제조업,자동차 신품 부품 제조업,,,김윤수외 4인
A003100,선광,코스닥,산업재,운송,운송인프라,운수 및 창고업,창고 및 운송관련 서비스업,기타 운송관련 서비스업,,,심충식외 19인
A045970,코아시아,코스닥,IT,하드웨어,전자 장비 및 기기,제조업,"전자부품, 컴퓨터, 영상, 음향 및 통신장비 제조업",반도체 제조업,,,박진수외 3인
A004140,동방,유가증권시장,산업재,운송,운송인프라,운수 및 창고업,창고 및 운송관련 서비스업,기타 운송관련 서비스업,BBB,A3,김형곤외 9인
A019180,티에이치엔,유가증권시장,경기소비재,자동차 및 부품,자동차부품,제조업,전기장비 제조업,기타 전기장비 제조업,,,채석외 2인
A091120,이엠텍,코스닥,IT,하드웨어,휴대폰 및 관련부품,제조업,"전자부품, 컴퓨터, 영상, 음향 및 통신장비 제조업",전자부품 제조업,,,정승규외 1인
A002620,제일파마홀딩스,유가증권시장,의료,제약 및 바이오,제약,"전문, 과학 및 기술 서비스업",전문 서비스업,회사 본부 및 경영 컨설팅 서비스업,,,한승수외 9인
A054050,농우바이오,코스닥,의료,제약 및 바이오,바이오,"농업, 임업 및 어업",농업,작물 재배업,,,농협경제지주 주식회사
A044820,코스맥스비티아이,유가증권시장,필수소비재,생활용품,개인생활용품,"전문, 과학 및 기술 서비스업",전문 서비스업,회사 본부 및 경영 컨설팅 서비스업,,,이경수외 4인
A029480,광무,코스닥,경기소비재,미디어,미디어,제조업,"전자부품, 컴퓨터, 영상, 음향 및 통신장비 제조업",통신 및 방송 장비 제조업,,,케이디씨 네트웍스(주)외 1인
A027710,팜스토리,코스닥,필수소비재,음식료 및 담배,식료품,제조업,식료품 제조업,동물용 사료 및 조제식품 제조업,,,(주)이지바이오외 2인
A086960,MDS테크,코스닥,IT,소프트웨어,일반 소프트웨어,정보통신업,출판업,소프트웨어 개발 및 공급업,,,(주)한글과컴퓨터외 2인
A085670,뉴프렉스,코스닥,IT,하드웨어,전자 장비 및 기기,제조업,"전자부품, 컴퓨터, 영상, 음향 및 통신장비 제조업",전자부품 제조업,,,임우현외 3인
A007110,일신석재,유가증권시장,소재,소재,건축소재,도매 및 소매업,도매 및 상품 중개업,"건축자재, 철물 및 난방장치 도매업",,,재)세계기독교 통일신령협회 유지재단
A052260,현대바이오랜드,코스닥,의료,제약 및 바이오,바이오,제조업,화학물질 및 화학제품 제조업; 의약품 제외,기타 화학제품 제조업,,,에스케이씨(주)외 2인
A079430,현대리바트,유가증권시장,경기소비재,내구 소비재 및 의류,내구소비재,제조업,가구 제조업,가구 제조업,NA,A2+,현대그린푸드외 2인
A004150,한솔홀딩스,유가증권시장,소재,소재,종이 및 목재,"전문, 과학 및 기술 서비스업",전문 서비스업,회사 본부 및 경영 컨설팅 서비스업,NA,A2-,이인희외 6인
A004080,신흥,유가증권시장,의료,의료장비 및 서비스,의료 장비 및 서비스,도매 및 소매업,도매 및 상품 중개업,기계장비 및 관련 물품 도매업,,,이용익외 15인
A002230,피에스텍,코스닥,산업재,자본재,전기장비,제조업,"의료, 정밀, 광학기기 및 시계 제조업","측정, 시험, 항해, 제어 및 기타 정밀기기 제조업; 광학기기 제외",,,(주)풍성외 2인
A032940,원익,코스닥,의료,의료장비 및 서비스,의료 장비 및 서비스,도매 및 소매업,도매 및 상품 중개업,기계장비 및 관련 물품 도매업,,,이용한외 2인
A950130,엑세스바이오,코스닥,의료,의료장비 및 서비스,의료 장비 및 서비스,제조업,의료용 물질 및 의약품 제조업,의료용품 및 기타 의약 관련제품 제조업,,,최영호외 9인
A020120,키다리스튜디오,유가증권시장,IT,소프트웨어,IT 서비스,정보통신업,정보서비스업,"자료처리, 호스팅, 포털 및 기타 인터넷 정보매개 서비스업",,,(주)다우데이타외 13인
A049960,쎌바이오텍,코스닥,의료,제약 및 바이오,바이오,제조업,의료용 물질 및 의약품 제조업,기초 의약 물질 제조업,,,정명준외 2인
A038110,에코플라스틱,코스닥,경기소비재,자동차 및 부품,자동차부품,제조업,자동차 및 트레일러 제조업,자동차 신품 부품 제조업,,,서진오토모티브
A058630,엠게임,코스닥,IT,소프트웨어,게임 소프트웨어,정보통신업,출판업,소프트웨어 개발 및 공급업,,,손승철외 6인
A106190,하이텍팜,코스닥,의료,제약 및 바이오,제약,제조업,의료용 물질 및 의약품 제조업,기초 의약 물질 제조업,,,ACS Dobfar s.p.a외 3인
A063170,서울옥션,코스닥,경기소비재,유통,도소매,도매 및 소매업,도매 및 상품 중개업,상품 중개업,,,이호재외 8인
A014970,삼륭물산,코스닥,소재,소재,용기 및 포장,제조업,"펄프, 종이 및 종이제품 제조업","골판지, 종이 상자 및 종이 용기 제조업",,,조락교외 5인
A069460,대호에이엘,유가증권시장,소재,소재,금속 및 광물,제조업,1차 금속 제조업,1차 비철금속 제조업,,,(주)대호차량
A054800,아이디스홀딩스,코스닥,IT,하드웨어,보안장비,"전문, 과학 및 기술 서비스업",전문 서비스업,기타 전문 서비스업,,,김영달외 4인
A002200,한국수출포장,유가증권시장,소재,소재,용기 및 포장,제조업,"펄프, 종이 및 종이제품 제조업","골판지, 종이 상자 및 종이 용기 제조업",,,허용삼외 3인
A002220,한일철강,유가증권시장,소재,소재,금속 및 광물,제조업,1차 금속 제조업,1차 철강 제조업,,,엄 정 헌외 12인
A120030,조선선재,유가증권시장,소재,소재,금속 및 광물,제조업,금속가공제품 제조업; 기계 및 가구 제외,기타 금속 가공제품 제조업,,,CS홀딩스(주)외 1인
A086670,비엠티,코스닥,산업재,자본재,기계,제조업,기타 기계 및 장비 제조업,일반 목적용 기계 제조업,,,윤종찬외 12인
A039560,다산네트웍스,코스닥,IT,하드웨어,통신장비,제조업,"전자부품, 컴퓨터, 영상, 음향 및 통신장비 제조업",통신 및 방송 장비 제조업,,,다산인베스트외 3인
A019010,베뉴지,코스닥,경기소비재,유통,백화점,도매 및 소매업,소매업; 자동차 제외,종합 소매업,,,김만진외 8인
A147830,제룡산업,코스닥,산업재,자본재,기계,제조업,금속가공제품 제조업; 기계 및 가구 제외,"구조용 금속제품, 탱크 및 증기발생기 제조업",,,박종태외 4인
A048530,인트론바이오,코스닥,의료,제약 및 바이오,바이오,제조업,의료용 물질 및 의약품 제조업,기초 의약 물질 제조업,,,윤성준외 4인
A012320,경동인베스트,유가증권시장,유틸리티,유틸리티,가스,금융 및 보험업,금융업,기타 금융업,,,(주)경동홀딩스외 8인
A046120,오르비텍,코스닥,에너지,에너지,에너지 시설 및 서비스,"전문, 과학 및 기술 서비스업","건축기술, 엔지니어링 및 기타 과학기술 서비스업",기타 과학기술 서비스업,,,이의종
A093640,케이알엠,코스닥,IT,반도체,반도체 및 관련장비,제조업,"전자부품, 컴퓨터, 영상, 음향 및 통신장비 제조업",반도체 제조업,,,정연홍외 2인
A036630,세종텔레콤,코스닥,통신서비스,통신서비스,유선통신,건설업,전문직별 공사업,전기 및 통신 공사업,,,(주)세종텔레콤
A058850,KTcs,유가증권시장,산업재,상업서비스,상업서비스,정보통신업,정보서비스업,기타 정보 서비스업,,,(주)케이티스외 3인
A021320,KCC건설,코스닥,산업재,자본재,건설,건설업,종합 건설업,건물 건설업,A-,A2-,(주)케이씨씨외 2인
A039340,한국경제TV,코스닥,경기소비재,미디어,미디어,정보통신업,방송 및 영상·오디오물 제공 서비스업,텔레비전 방송업,,,(주)한국경제신문외 1인
A005860,한일사료,코스닥,필수소비재,음식료 및 담배,식료품,제조업,식료품 제조업,동물용 사료 및 조제식품 제조업,,,최한순외 6인
A131030,옵투스제약,코스닥,의료,제약 및 바이오,제약,제조업,의료용 물질 및 의약품 제조업,의약품 제조업,,,삼천당제약(주)
A049430,코메론,코스닥,산업재,자본재,기계,제조업,"의료, 정밀, 광학기기 및 시계 제조업","측정, 시험, 항해, 제어 및 기타 정밀기기 제조업; 광학기기 제외",,,강동헌외 2인
A049470,비트플래닛,코스닥,IT,소프트웨어,일반 소프트웨어,정보통신업,출판업,소프트웨어 개발 및 공급업,,,은유진외 4인
A100130,동국S&C,코스닥,에너지,에너지,에너지 시설 및 서비스,제조업,금속가공제품 제조업; 기계 및 가구 제외,"구조용 금속제품, 탱크 및 증기발생기 제조업",,,동국산업외 4인
A033290,코웰패션,코스닥,IT,하드웨어,전자 장비 및 기기,도매 및 소매업,소매업; 자동차 제외,"섬유, 의복, 신발 및 가죽제품 소매업",,,(주)대명화학외 2인
A067900,와이엔텍,코스닥,산업재,상업서비스,상업서비스,"수도, 하수 및 폐기물 처리, 원료 재생업","폐기물 수집, 운반, 처리 및 원료 재생업",폐기물 처리업,,,박용하외 4인
A090850,현대이지웰,코스닥,IT,소프트웨어,인터넷 서비스,정보통신업,출판업,소프트웨어 개발 및 공급업,,,김상용외 6인
A083790,CG인바이츠,코스닥,의료,제약 및 바이오,바이오,"전문, 과학 및 기술 서비스업",연구개발업,자연과학 및 공학 연구개발업,,,조중명외 3인
A048550,SM C&C,코스닥,경기소비재,소비자 서비스,호텔 및 레저,"전문, 과학 및 기술 서비스업",전문 서비스업,광고업,,,(주)에스.엠.엔터테인먼트 외 1인
A015590,DKME,유가증권시장,산업재,자본재,기계,제조업,기타 기계 및 장비 제조업,일반 목적용 기계 제조업,,,국민연금07-1 기업구조조정조합QCP12호
A006660,삼성공조,유가증권시장,경기소비재,자동차 및 부품,자동차부품,제조업,자동차 및 트레일러 제조업,자동차 신품 부품 제조업,,,고호곤외 6인
A003060,에이프로젠바이오로직스,유가증권시장,의료,제약 및 바이오,제약,제조업,의료용 물질 및 의약품 제조업,의약품 제조업,,,(주)에이프로젠외 2인
A079810,디이엔티,코스닥,IT,디스플레이,디스플레이 및 관련부품,제조업,전기장비 제조업,기타 전기장비 제조업,,,AP시스템(주)외 3인
A018120,진로발효,코스닥,필수소비재,음식료 및 담배,음료,제조업,음료 제조업,알코올음료 제조업,,,서태선외 3인
A101670,하이드로리튬,코스닥,산업재,자본재,건축자재,제조업,금속가공제품 제조업; 기계 및 가구 제외,"구조용 금속제품, 탱크 및 증기발생기 제조업",,,(주)SE외 4인
A115500,케이씨에스,코스닥,IT,소프트웨어,IT 서비스,정보통신업,"컴퓨터 프로그래밍, 시스템 통합 및 관리업","컴퓨터 프로그래밍, 시스템 통합 및 관리업",,,한국컴퓨터지주(주)
A060590,씨티씨바이오,코스닥,의료,제약 및 바이오,제약,제조업,의료용 물질 및 의약품 제조업,의약품 제조업,,,조호연외 2인
A014160,대영포장,유가증권시장,소재,소재,용기 및 포장,제조업,"펄프, 종이 및 종이제품 제조업","골판지, 종이 상자 및 종이 용기 제조업",,,신대양제지(주)외 2인
A014530,극동유화,유가증권시장,소재,소재,화학,제조업,"코크스, 연탄 및 석유정제품 제조업",석유 정제품 제조업,,,장홍선외 4인
A017370,우신시스템,유가증권시장,산업재,자본재,기계,제조업,기타 기계 및 장비 제조업,특수 목적용 기계 제조업,,,허우영외 2인
A006840,AK홀딩스,유가증권시장,소재,소재,화학,"전문, 과학 및 기술 서비스업",전문 서비스업,회사 본부 및 경영 컨설팅 서비스업,BBB,NA,채형석외 12인
A007210,벽산,유가증권시장,산업재,자본재,건축자재,제조업,비금속 광물제품 제조업,기타 비금속 광물제품 제조업,,,김희철외 12인
A023900,풍국주정,코스닥,필수소비재,음식료 및 담배,음료,제조업,음료 제조업,알코올음료 제조업,,,이한용외 10인
A021820,세원정공,유가증권시장,경기소비재,자동차 및 부품,자동차부품,제조업,자동차 및 트레일러 제조업,자동차 신품 부품 제조업,,,김성기외 6인
A010660,화천기계,유가증권시장,산업재,자본재,기계,제조업,기타 기계 및 장비 제조업,특수 목적용 기계 제조업,,,권영렬 외 6인
A013570,디와이,유가증권시장,경기소비재,자동차 및 부품,자동차부품,"전문, 과학 및 기술 서비스업",전문 서비스업,회사 본부 및 경영 컨설팅 서비스업,,,조 병 호외 5인
A068290,삼성출판사,유가증권시장,경기소비재,미디어,미디어,정보통신업,출판업,"서적, 잡지 및 기타 인쇄물 출판업",,,김진용외 6인
A011330,유니켐,유가증권시장,경기소비재,내구 소비재 및 의류,섬유 및 의복,제조업,"가죽, 가방 및 신발 제조업","가죽, 가방 및 유사제품 제조업",BB-,NA,(주)동보외 4인
A024880,케이피에프,코스닥,산업재,자본재,기계,제조업,금속가공제품 제조업; 기계 및 가구 제외,기타 금속 가공제품 제조업,,,(주)송현홀딩스외 1인
A063160,종근당바이오,유가증권시장,의료,제약 및 바이오,제약,제조업,의료용 물질 및 의약품 제조업,의약품 제조업,,,이장한외 8인
A034590,인천도시가스,유가증권시장,유틸리티,유틸리티,가스,"전기, 가스, 증기 및 공기조절 공급업","전기, 가스, 증기 및 공기조절 공급업",연료용 가스 제조 및 배관공급업,,,이종훈외 5인
A119830,아이텍,코스닥,IT,반도체,반도체 및 관련장비,"전문, 과학 및 기술 서비스업","기타 전문, 과학 및 기술 서비스업","그 외 기타 전문, 과학 및 기술 서비스업",,,유남영외 4인
A041590,플래스크,코스닥,IT,하드웨어,휴대폰 및 관련부품,건설업,전문직별 공사업,실내건축 및 건축마무리 공사업,,,(주)젬백스&카엘
A001540,안국약품,코스닥,의료,제약 및 바이오,제약,제조업,의료용 물질 및 의약품 제조업,의약품 제조업,,,어준선외 2인
A093190,빅솔론,코스닥,IT,하드웨어,컴퓨터 및 주변기기,제조업,"전자부품, 컴퓨터, 영상, 음향 및 통신장비 제조업",컴퓨터 및 주변장치 제조업,,,김형근외 6인
A047820,초록뱀미디어,코스닥,경기소비재,미디어,미디어,정보통신업,영상ㆍ오디오 기록물 제작 및 배급업,"영화, 비디오물, 방송프로그램 제작 및 배급업",,,So-net Entertainment Corporation
A060570,드림어스컴퍼니,코스닥,IT,하드웨어,컴퓨터 및 주변기기,정보통신업,방송 및 영상·오디오물 제공 서비스업,영상·오디오물 제공 서비스업,,,에스케이텔레콤(주)
A017550,수산세보틱스,유가증권시장,산업재,자본재,기계,제조업,기타 기계 및 장비 제조업,특수 목적용 기계 제조업,,,정석현외 10인
A003580,HLB글로벌,유가증권시장,소재,소재,건축소재,도매 및 소매업,소매업; 자동차 제외,종합 소매업,,,이혁배외 2인
A063080,컴투스홀딩스,코스닥,IT,소프트웨어,게임 소프트웨어,정보통신업,출판업,소프트웨어 개발 및 공급업,NA,A3,송병준외 8인
A064800,포니링크,코스닥,IT,소프트웨어,IT 서비스,도매 및 소매업,소매업; 자동차 제외,"섬유, 의복, 신발 및 가죽제품 소매업",,,신인재외 3인
A047770,코데즈컴바인,코스닥,경기소비재,내구 소비재 및 의류,섬유 및 의복,제조업,"의복, 의복 액세서리 및 모피제품 제조업",봉제의복 제조업,,,박상돈외 3인
A013520,화승코퍼레이션,유가증권시장,경기소비재,자동차 및 부품,자동차부품,제조업,자동차 및 트레일러 제조업,자동차 신품 부품 제조업,BBB-,NA,현지호외 3인
A002450,삼익악기,유가증권시장,경기소비재,내구 소비재 및 의류,레저용품,제조업,기타 제품 제조업,악기 제조업,,,김종섭외 3인
A085910,네오티스,코스닥,산업재,자본재,기계,제조업,자동차 및 트레일러 제조업,자동차 신품 부품 제조업,,,권은영외 6인
A019550,SBI인베스트먼트,코스닥,금융,기타금융,창업투자 및 종금,금융 및 보험업,금융업,신탁업 및 집합투자업,,,에스비아이 코리아홀딩스외 1인
A012800,대창,유가증권시장,소재,소재,금속 및 광물,제조업,1차 금속 제조업,1차 비철금속 제조업,,,(주)서원외 2인
A043610,KT지니뮤직,코스닥,IT,소프트웨어,인터넷 서비스,정보통신업,방송 및 영상·오디오물 제공 서비스업,영상·오디오물 제공 서비스업,,,(주)케이티
A090470,제이스텍,코스닥,IT,반도체,반도체 및 관련장비,제조업,기타 기계 및 장비 제조업,특수 목적용 기계 제조업,,,정재송외 2인
A168330,내츄럴엔도텍,코스닥,의료,제약 및 바이오,바이오,"전문, 과학 및 기술 서비스업",연구개발업,자연과학 및 공학 연구개발업,,,김재수외 10인
A001020,페이퍼코리아,유가증권시장,소재,소재,종이 및 목재,제조업,"펄프, 종이 및 종이제품 제조업","펄프, 종이 및 판지 제조업",,,(주)버추얼텍
A054920,한컴위드,코스닥,IT,소프트웨어,일반 소프트웨어,정보통신업,출판업,소프트웨어 개발 및 공급업,,,김상철외 2인
A000180,성창기업지주,유가증권시장,소재,소재,종이 및 목재,"전문, 과학 및 기술 서비스업",전문 서비스업,회사 본부 및 경영 컨설팅 서비스업,,,정 해 린외 14인
A023450,동남합성,유가증권시장,소재,소재,화학,제조업,화학물질 및 화학제품 제조업; 의약품 제외,기초 화학물질 제조업,,,미원화학(주)외 6인
A005870,휴니드,유가증권시장,IT,하드웨어,통신장비,제조업,"전자부품, 컴퓨터, 영상, 음향 및 통신장비 제조업",통신 및 방송 장비 제조업,,,김유진외 1인
A026150,특수건설,코스닥,산업재,자본재,건설,건설업,종합 건설업,토목 건설업,,,김중헌외 5인
A100700,세운메디칼,코스닥,의료,의료장비 및 서비스,의료 장비 및 서비스,제조업,의료용 물질 및 의약품 제조업,의료용품 및 기타 의약 관련제품 제조업,,,이길환외 3인
A011810,STX,유가증권시장,산업재,자본재,무역,도매 및 소매업,도매 및 상품 중개업,상품 종합 도매업,,,한국산업은행
A101140,인바이오젠,유가증권시장,경기소비재,내구 소비재 및 의류,섬유 및 의복,도매 및 소매업,도매 및 상품 중개업,기계장비 및 관련 물품 도매업,,,대덕기연(주)외 1인
A066700,테라젠이텍스,코스닥,IT,디스플레이,디스플레이 및 관련부품,제조업,의료용 물질 및 의약품 제조업,의약품 제조업,,,김성진외 10인
A014790,HL D&I,유가증권시장,산업재,자본재,건설,건설업,종합 건설업,토목 건설업,BBB+,A3+,정몽원외 8인
A051160,지어소프트,코스닥,IT,소프트웨어,IT 서비스,정보통신업,출판업,소프트웨어 개발 및 공급업,,,김영준외 1인
A002780,진흥기업,유가증권시장,산업재,자본재,건설,건설업,종합 건설업,토목 건설업,BBB-,NA,(주)효성
A005740,크라운해태홀딩스,유가증권시장,필수소비재,음식료 및 담배,식료품,"전문, 과학 및 기술 서비스업",전문 서비스업,회사 본부 및 경영 컨설팅 서비스업,,,윤영달외 4인
A093920,서원인텍,코스닥,IT,하드웨어,휴대폰 및 관련부품,제조업,"전자부품, 컴퓨터, 영상, 음향 및 통신장비 제조업",통신 및 방송 장비 제조업,,,김재윤외 5인
A065450,빅텍,코스닥,산업재,상업서비스,상업서비스,제조업,"의료, 정밀, 광학기기 및 시계 제조업","측정, 시험, 항해, 제어 및 기타 정밀기기 제조업; 광학기기 제외",,,박승운외 3인
A017900,광전자,유가증권시장,IT,하드웨어,전자 장비 및 기기,제조업,"전자부품, 컴퓨터, 영상, 음향 및 통신장비 제조업",반도체 제조업,,,나카지마히로카즈외 9인
A042510,라온시큐어,코스닥,IT,소프트웨어,일반 소프트웨어,정보통신업,출판업,소프트웨어 개발 및 공급업,,,이순형
A041930,동아화성,코스닥,소재,소재,화학,제조업,고무 및 플라스틱제품 제조업,고무제품 제조업,,,임경식외 6인
A044340,위닉스,코스닥,경기소비재,내구 소비재 및 의류,내구소비재,제조업,전기장비 제조업,가정용 기기 제조업,,,윤희종외 3인
A082850,우리바이오,코스닥,IT,디스플레이,디스플레이 및 관련부품,제조업,식료품 제조업,기타 식품 제조업,,,우리조명(주)외 11인
A011700,한신기계,유가증권시장,산업재,자본재,기계,제조업,기타 기계 및 장비 제조업,일반 목적용 기계 제조업,,,최영민외 6인
A048910,대원미디어,코스닥,경기소비재,미디어,미디어,도매 및 소매업,도매 및 상품 중개업,기타 전문 도매업,,,정 욱외 4인
A009300,삼아제약,코스닥,의료,제약 및 바이오,제약,제조업,의료용 물질 및 의약품 제조업,의약품 제조업,,,허 준외 3인
A049520,유아이엘,코스닥,IT,하드웨어,휴대폰 및 관련부품,제조업,"전자부품, 컴퓨터, 영상, 음향 및 통신장비 제조업",전자부품 제조업,,,동국제강㈜외 4인
A008260,NI스틸,유가증권시장,소재,소재,금속 및 광물,제조업,1차 금속 제조업,1차 철강 제조업,,,문배철강(주)외 6인
A134580,탑코미디어,코스닥,IT,하드웨어,셋톱 박스,정보통신업,정보서비스업,"자료처리, 호스팅, 포털 및 기타 인터넷 정보매개 서비스업",,,이희기외 10인
A085310,엔케이,유가증권시장,경기소비재,자동차 및 부품,자동차부품,제조업,금속가공제품 제조업; 기계 및 가구 제외,"구조용 금속제품, 탱크 및 증기발생기 제조업",,,박윤소외 5인
A037350,성도이엔지,코스닥,IT,반도체,반도체 및 관련장비,"전문, 과학 및 기술 서비스업","건축기술, 엔지니어링 및 기타 과학기술 서비스업","건축기술, 엔지니어링 및 관련 기술 서비스업",,,서인수외 4인
A032560,황금에스티,유가증권시장,소재,소재,금속 및 광물,제조업,1차 금속 제조업,1차 비철금속 제조업,,,김종현외 4인
A023800,인지컨트롤스,유가증권시장,경기소비재,자동차 및 부품,자동차부품,제조업,자동차 및 트레일러 제조업,자동차 신품 부품 제조업,,,정구용외 4인
A040420,정상제이엘에스,코스닥,경기소비재,소비자 서비스,교육,교육 서비스업,교육 서비스업,일반 교습 학원,,,허용석외 8인
A012700,리드코프,코스닥,에너지,에너지,석유 및 가스,도매 및 소매업,도매 및 상품 중개업,기타 전문 도매업,,,(주)디케이디앤아이외 3인
A067570,엔브이에이치코리아,코스닥,경기소비재,자동차 및 부품,자동차부품,제조업,자동차 및 트레일러 제조업,자동차 신품 부품 제조업,,,구자겸외 13인
A105740,디케이락,코스닥,산업재,자본재,기계,제조업,기타 기계 및 장비 제조업,일반 목적용 기계 제조업,,,노은식외 7인
A014440,영보화학,유가증권시장,소재,소재,화학,제조업,고무 및 플라스틱제품 제조업,플라스틱제품 제조업,,,적수화학공업(주)외 1인
A119650,KC코트렐,유가증권시장,산업재,상업서비스,상업서비스,제조업,기타 기계 및 장비 제조업,일반 목적용 기계 제조업,C,NA,KC그린홀딩스(주)외 11인
A012860,모베이스전자,코스닥,경기소비재,자동차 및 부품,자동차부품,제조업,자동차 및 트레일러 제조업,자동차 신품 부품 제조업,,,(주)서연
A007980,TP,유가증권시장,경기소비재,내구 소비재 및 의류,섬유 및 의복,제조업,"의복, 의복 액세서리 및 모피제품 제조업",봉제의복 제조업,BB+,A3-,임석원외 13인
A061250,화일약품,코스닥,의료,제약 및 바이오,제약,제조업,의료용 물질 및 의약품 제조업,의약품 제조업,,,크리스탈 지노믹스(주)
A183490,엔지켐생명과학,코스닥,의료,제약 및 바이오,바이오,제조업,의료용 물질 및 의약품 제조업,기초 의약 물질 제조업,,,손기영외 3인
A035610,솔본,코스닥,산업재,자본재,복합 산업,"전문, 과학 및 기술 서비스업",전문 서비스업,회사 본부 및 경영 컨설팅 서비스업,,,홍기태외 3인
A064850,에프앤가이드,코스닥,IT,소프트웨어,IT 서비스,정보통신업,정보서비스업,기타 정보 서비스업,,,화천기계(주)외 12인
A023000,삼원강재,유가증권시장,경기소비재,자동차 및 부품,자동차부품,제조업,자동차 및 트레일러 제조업,자동차 신품 부품 제조업,,,대원강업(주)외 2인
A054670,대한뉴팜,코스닥,의료,제약 및 바이오,제약,제조업,의료용 물질 및 의약품 제조업,의약품 제조업,,,이완진외 4인
A024800,유성티엔에스,코스닥,산업재,운송,육상운수,운수 및 창고업,육상운송 및 파이프라인 운송업,육상 여객 운송업,,,이봉관외 7인
A065510,휴비츠,코스닥,의료,의료장비 및 서비스,의료 장비 및 서비스,제조업,"의료, 정밀, 광학기기 및 시계 제조업",의료용 기기 제조업,,,김현수외 4인
A058860,KTis,유가증권시장,산업재,상업서비스,상업서비스,정보통신업,정보서비스업,기타 정보 서비스업,,,(주)케이티외 3인
A000440,중앙에너비스,코스닥,에너지,에너지,석유 및 가스,도매 및 소매업,도매 및 상품 중개업,기타 전문 도매업,,,한 상 열외 4인
A011150,CJ씨푸드,유가증권시장,필수소비재,음식료 및 담배,식료품,제조업,식료품 제조업,기타 식품 제조업,NA,A1,CJ제일제당주식회사
A006890,태경케미컬,유가증권시장,소재,소재,화학,제조업,화학물질 및 화학제품 제조업; 의약품 제외,기초 화학물질 제조업,,,(주)백광소재외 3인
A066590,우수AMS,코스닥,경기소비재,자동차 및 부품,자동차부품,제조업,자동차 및 트레일러 제조업,자동차 신품 부품 제조업,,,전종인외 3인
A066790,씨씨에스,코스닥,경기소비재,미디어,미디어,정보통신업,방송 및 영상·오디오물 제공 서비스업,텔레비전 방송업,,,유인무외 1인
A170030,현대공업,코스닥,경기소비재,자동차 및 부품,자동차부품,제조업,자동차 및 트레일러 제조업,자동차 신품 부품 제조업,,,강현석외 3인
A008700,아남전자,유가증권시장,경기소비재,내구 소비재 및 의류,내구소비재,제조업,"전자부품, 컴퓨터, 영상, 음향 및 통신장비 제조업",영상 및 음향기기 제조업,,,(주)아남외 8인
A091440,한울소재과학,코스닥,IT,하드웨어,통신장비,제조업,"전자부품, 컴퓨터, 영상, 음향 및 통신장비 제조업",통신 및 방송 장비 제조업,,,박노택외 3인
A072020,중앙백신,코스닥,의료,제약 및 바이오,제약,제조업,의료용 물질 및 의약품 제조업,기초 의약 물질 제조업,,,윤인중외 7인
A004890,동일산업,유가증권시장,소재,소재,금속 및 광물,제조업,1차 금속 제조업,1차 철강 제조업,BBB-,NA,오순택외 6인
A053280,예스24,코스닥,경기소비재,유통,온라인쇼핑,도매 및 소매업,소매업; 자동차 제외,무점포 소매업,,,한세예스24홀딩스(주)외 1인
A004840,DRB동일,유가증권시장,경기소비재,자동차 및 부품,자동차부품,제조업,고무 및 플라스틱제품 제조업,고무제품 제조업,,,김세연외 5인
A120240,대정화금,코스닥,소재,소재,화학,제조업,화학물질 및 화학제품 제조업; 의약품 제외,기초 화학물질 제조업,,,송기섭외 3인
A104040,대성파인텍,코스닥,경기소비재,자동차 및 부품,자동차부품,제조업,자동차 및 트레일러 제조업,자동차 신품 부품 제조업,,,김병준외 3인
A038540,상상인,코스닥,IT,소프트웨어,IT 서비스,정보통신업,"컴퓨터 프로그래밍, 시스템 통합 및 관리업","컴퓨터 프로그래밍, 시스템 통합 및 관리업",,,유준원외 5인
A163560,동일고무벨트,유가증권시장,경기소비재,자동차 및 부품,자동차부품,제조업,고무 및 플라스틱제품 제조업,고무제품 제조업,,,(주)DRB동일외 5인
A001560,제일연마,유가증권시장,소재,소재,금속 및 광물,제조업,비금속 광물제품 제조업,기타 비금속 광물제품 제조업,,,오유인외 3인
A004100,태양금속,유가증권시장,경기소비재,자동차 및 부품,자동차부품,제조업,자동차 및 트레일러 제조업,자동차 신품 부품 제조업,,,한우삼외 4인
A011370,서한,코스닥,산업재,자본재,건설,건설업,종합 건설업,건물 건설업,,,(주)대왕레미콘외 6인
A039020,이건홀딩스,코스닥,산업재,자본재,건축자재,제조업,목재 및 나무제품 제조업; 가구 제외,제재 및 목재 가공업,,,박승준외 4인
A002700,신일전자,유가증권시장,경기소비재,내구 소비재 및 의류,내구소비재,도매 및 소매업,도매 및 상품 중개업,기계장비 및 관련 물품 도매업,,,김영외 13인
A042940,상지건설,코스닥,산업재,자본재,건설,건설업,종합 건설업,건물 건설업,,,배성수
A149980,하이로닉,코스닥,의료,의료장비 및 서비스,의료 장비 및 서비스,제조업,"의료, 정밀, 광학기기 및 시계 제조업",의료용 기기 제조업,,,이진우외 6인
A105330,케이엔더블유,코스닥,IT,디스플레이,디스플레이 및 관련부품,제조업,자동차 및 트레일러 제조업,자동차 신품 부품 제조업,,,오원석외 2인
A002720,국제약품,유가증권시장,의료,제약 및 바이오,제약,제조업,의료용 물질 및 의약품 제조업,의약품 제조업,,,남영우외 13인
A079980,휴비스,유가증권시장,소재,소재,화학,제조업,화학물질 및 화학제품 제조업; 의약품 제외,화학섬유 제조업,BBB+,NA,(주)삼양홀딩스외 1인
A058400,KNN,코스닥,경기소비재,미디어,미디어,정보통신업,방송 및 영상·오디오물 제공 서비스업,텔레비전 방송업,,,(주)넥센외 7인
A033230,인성정보,코스닥,IT,소프트웨어,IT 서비스,정보통신업,"컴퓨터 프로그래밍, 시스템 통합 및 관리업","컴퓨터 프로그래밍, 시스템 통합 및 관리업",NA,A1,윤재승외 4인
A036010,아비코전자,코스닥,IT,하드웨어,전자 장비 및 기기,제조업,"전자부품, 컴퓨터, 영상, 음향 및 통신장비 제조업",전자부품 제조업,,,행진개발외 3인
A130580,나이스디앤비,코스닥,산업재,상업서비스,상업서비스,"사업시설 관리, 사업 지원 및 임대 서비스업",사업지원 서비스업,기타 사업지원 서비스업,,,(주)NICE홀딩스외 1인
A059120,아진엑스텍,코스닥,IT,하드웨어,전자 장비 및 기기,제조업,"전자부품, 컴퓨터, 영상, 음향 및 통신장비 제조업",반도체 제조업,,,김창호외 6인
A002600,조흥,유가증권시장,필수소비재,음식료 및 담배,식료품,제조업,식료품 제조업,기타 식품 제조업,NA,A1,함태호외 13인
A126880,제이엔케이글로벌,코스닥,에너지,에너지,에너지 시설 및 서비스,제조업,기타 기계 및 장비 제조업,일반 목적용 기계 제조업,,,김방희외 4인
A011320,유니크,코스닥,경기소비재,자동차 및 부품,자동차부품,제조업,자동차 및 트레일러 제조업,자동차 신품 부품 제조업,,,안영구외 13인
A036580,팜스코,유가증권시장,필수소비재,음식료 및 담배,식료품,제조업,식료품 제조업,"곡물가공품, 전분 및 전분제품 제조업",,,제일홀딩스(주)외 1인
A003780,진양산업,유가증권시장,소재,소재,화학,제조업,고무 및 플라스틱제품 제조업,플라스틱제품 제조업,,,(주)진양홀딩스
A000590,CS홀딩스,유가증권시장,소재,소재,금속 및 광물,"전문, 과학 및 기술 서비스업",전문 서비스업,회사 본부 및 경영 컨설팅 서비스업,,,장원영외 2인
A048430,유라테크,코스닥,경기소비재,자동차 및 부품,자동차부품,제조업,전기장비 제조업,"전동기, 발전기 및 전기 변환ㆍ 공급ㆍ제어 장치 제조업",,,엄대열외 2인
A053700,삼보모터스,코스닥,경기소비재,자동차 및 부품,자동차부품,제조업,자동차 및 트레일러 제조업,자동차 신품 부품 제조업,BB+,NA,이연성외 8인
A027050,코리아나,코스닥,필수소비재,생활용품,개인생활용품,제조업,화학물질 및 화학제품 제조업; 의약품 제외,기타 화학제품 제조업,,,유상옥외 12인
A141000,비아트론,코스닥,IT,디스플레이,디스플레이 및 관련부품,제조업,기타 기계 및 장비 제조업,특수 목적용 기계 제조업,,,김형준외 5인
A060560,HC홈센타,코스닥,소재,소재,건축소재,도매 및 소매업,도매 및 상품 중개업,기타 전문 도매업,,,(주)보광산업외 10인
A041520,이엘씨,코스닥,IT,하드웨어,휴대폰 및 관련부품,제조업,"의료, 정밀, 광학기기 및 시계 제조업","측정, 시험, 항해, 제어 및 기타 정밀기기 제조업; 광학기기 제외",,,김중헌외 3인
A007280,한국특강,유가증권시장,소재,소재,금속 및 광물,제조업,1차 금속 제조업,1차 철강 제조업,,,라보상사외 6인
A025550,한국선재,코스닥,소재,소재,금속 및 광물,제조업,1차 금속 제조업,1차 철강 제조업,,,이제훈외 4인
A036640,HRS,코스닥,소재,소재,화학,제조업,화학물질 및 화학제품 제조업; 의약품 제외,합성고무 및 플라스틱 물질 제조업,,,강성자외 2인
A084730,팅크웨어,코스닥,경기소비재,자동차 및 부품,자동차부품,제조업,"전자부품, 컴퓨터, 영상, 음향 및 통신장비 제조업",통신 및 방송 장비 제조업,,,유비벨록스(주)외 4인
A088390,이녹스,코스닥,IT,하드웨어,전자 장비 및 기기,제조업,기타 운송장비 제조업,그 외 기타 운송장비 제조업,,,장경호외 5인
A042500,링네트,코스닥,IT,소프트웨어,IT 서비스,정보통신업,"컴퓨터 프로그래밍, 시스템 통합 및 관리업","컴퓨터 프로그래밍, 시스템 통합 및 관리업",,,이주석외 11인
A006090,사조오양,유가증권시장,필수소비재,음식료 및 담배,식료품,제조업,식료품 제조업,수산물 가공 및 저장 처리업,NA,A1,(주)사조시스템즈외 6인
A131400,이브이첨단소재,코스닥,IT,하드웨어,전자 장비 및 기기,제조업,"전자부품, 컴퓨터, 영상, 음향 및 통신장비 제조업",전자부품 제조업,,,구승평외 11인
A010960,삼호개발,유가증권시장,산업재,자본재,건설,건설업,전문직별 공사업,기반조성 및 시설물 축조관련 전문공사업,,,이종호외 8인
A006490,인스코비,유가증권시장,경기소비재,유통,도소매,정보통신업,우편 및 통신업,전기 통신업,,,밀레니엄홀딩스(주)외 3인
A060310,3S,코스닥,산업재,자본재,기계,제조업,"의료, 정밀, 광학기기 및 시계 제조업","측정, 시험, 항해, 제어 및 기타 정밀기기 제조업; 광학기기 제외",,,박종익외 9인
A045660,에이텍,코스닥,IT,하드웨어,컴퓨터 및 주변기기,제조업,"전자부품, 컴퓨터, 영상, 음향 및 통신장비 제조업",컴퓨터 및 주변장치 제조업,,,신승영외 3인
A001380,SG글로벌,유가증권시장,경기소비재,내구 소비재 및 의류,섬유 및 의복,제조업,자동차 및 트레일러 제조업,자동차 신품 부품 제조업,,,(주)SG고려외 3인
A078890,가온그룹,코스닥,IT,하드웨어,셋톱 박스,제조업,"전자부품, 컴퓨터, 영상, 음향 및 통신장비 제조업",통신 및 방송 장비 제조업,,,임화섭외 2인
A007820,에스엠코어,코스닥,산업재,자본재,기계,제조업,기타 기계 및 장비 제조업,일반 목적용 기계 제조업,,,권순욱
A123420,위메이드플레이,코스닥,IT,소프트웨어,게임 소프트웨어,정보통신업,출판업,소프트웨어 개발 및 공급업,,,이정웅외 2인
A024830,세원물산,코스닥,경기소비재,자동차 및 부품,자동차부품,제조업,자동차 및 트레일러 제조업,자동차 신품 부품 제조업,,,(주)에스엠티외 7인
A063440,SM Life Design,코스닥,경기소비재,미디어,미디어,제조업,인쇄 및 기록매체 복제업,기록매체 복제업,,,(주)티아이지 홀딩스외 1인
A041910,폴라리스AI파마,코스닥,의료,제약 및 바이오,제약,제조업,의료용 물질 및 의약품 제조업,의약품 제조업,,,김재철외 3인
A027830,대성창투,코스닥,금융,기타금융,창업투자 및 종금,금융 및 보험업,금융업,신탁업 및 집합투자업,,,대성홀딩스(주)외 1인
A094850,참좋은여행,코스닥,경기소비재,내구 소비재 및 의류,레저용품,"사업시설 관리, 사업 지원 및 임대 서비스업",사업지원 서비스업,여행사 및 기타 여행보조 서비스업,,,삼천리자전거(주)외 1인
A005750,대림바스,유가증권시장,산업재,자본재,건축자재,제조업,비금속 광물제품 제조업,"내화, 비내화 요업제품 제조업",,,이해영외 7인
A010040,한국내화,유가증권시장,소재,소재,금속 및 광물,제조업,비금속 광물제품 제조업,"내화, 비내화 요업제품 제조업",,,김근수외 7인
A001260,남광토건,유가증권시장,산업재,자본재,건설,건설업,종합 건설업,토목 건설업,,,MERRILLLYNCHINTERNATIONAL
A009200,무림페이퍼,유가증권시장,소재,소재,종이 및 목재,제조업,"펄프, 종이 및 종이제품 제조업","펄프, 종이 및 판지 제조업",A-,A2-,무림SP외 7인
A014470,부방,코스닥,경기소비재,내구 소비재 및 의류,내구소비재,부동산업,부동산업,부동산 임대 및 공급업,,,이대희외 9인
A020710,시공테크,코스닥,경기소비재,소비자 서비스,호텔 및 레저,"전문, 과학 및 기술 서비스업","기타 전문, 과학 및 기술 서비스업",전문 디자인업,,,박기석외 2인
A006880,신송홀딩스,유가증권시장,필수소비재,음식료 및 담배,식료품,도매 및 소매업,도매 및 상품 중개업,산업용 농ㆍ축산물 및 동ㆍ식물 도매업,,,조갑주외 23인
A006140,피제이전자,코스닥,의료,의료장비 및 서비스,의료 장비 및 서비스,제조업,"의료, 정밀, 광학기기 및 시계 제조업",의료용 기기 제조업,,,김재석외 15인
A007590,동방아그로,유가증권시장,소재,소재,화학,제조업,화학물질 및 화학제품 제조업; 의약품 제외,"비료, 농약 및 살균, 살충제 제조업",,,염병만외 5인
A011390,부산산업,유가증권시장,소재,소재,건축소재,제조업,비금속 광물제품 제조업,"시멘트, 석회, 플라스터 및 그 제품 제조업",,,김영일
A065500,오리엔트정공,코스닥,경기소비재,자동차 및 부품,자동차부품,제조업,자동차 및 트레일러 제조업,자동차 신품 부품 제조업,,,(주)오리엔트바이오외 5인
A000850,화천기공,유가증권시장,산업재,자본재,기계,제조업,기타 기계 및 장비 제조업,특수 목적용 기계 제조업,,,권영열외 7인
A054040,한국컴퓨터,코스닥,IT,디스플레이,디스플레이 및 관련부품,제조업,"전자부품, 컴퓨터, 영상, 음향 및 통신장비 제조업",전자부품 제조업,,,한국컴퓨터지주
A096350,대창솔루션,코스닥,산업재,자본재,조선,제조업,금속가공제품 제조업; 기계 및 가구 제외,"구조용 금속제품, 탱크 및 증기발생기 제조업",,,박정호외 6인
A159580,제로투세븐,코스닥,경기소비재,내구 소비재 및 의류,섬유 및 의복,도매 및 소매업,도매 및 상품 중개업,생활용품 도매업,,,매일유업㈜외 7인
A074430,아미노로직스,코스닥,IT,하드웨어,보안장비,제조업,의료용 물질 및 의약품 제조업,기초 의약 물질 제조업,,,(주)삼오제약
A089850,유비벨록스,코스닥,IT,하드웨어,전자 장비 및 기기,정보통신업,출판업,소프트웨어 개발 및 공급업,,,이흥복외 7인
A104540,코렌텍,코스닥,의료,의료장비 및 서비스,의료 장비 및 서비스,제조업,"의료, 정밀, 광학기기 및 시계 제조업",의료용 기기 제조업,,,선두훈외 10인
A009180,한솔로지스틱스,유가증권시장,산업재,운송,육상운수,운수 및 창고업,창고 및 운송관련 서비스업,기타 운송관련 서비스업,A-,A2-,한솔이엠이(주)외 2인
A115440,우리넷,코스닥,IT,하드웨어,통신장비,제조업,"전자부품, 컴퓨터, 영상, 음향 및 통신장비 제조업",통신 및 방송 장비 제조업,,,아이씨티 밸류업1호 사모투자전문회사외 2인
A032850,비트컴퓨터,코스닥,의료,의료장비 및 서비스,의료 장비 및 서비스,정보통신업,출판업,소프트웨어 개발 및 공급업,,,조현정외 2인
A039610,화성밸브,코스닥,산업재,자본재,기계,제조업,기타 기계 및 장비 제조업,일반 목적용 기계 제조업,,,장원규외 4인
A012690,모나리자,유가증권시장,필수소비재,생활용품,가정생활용품,제조업,"펄프, 종이 및 종이제품 제조업",기타 종이 및 판지 제품 제조업,,,엠에스에스홀딩스(주)
A033320,제이씨현시스템,코스닥,IT,하드웨어,컴퓨터 및 주변기기,도매 및 소매업,도매 및 상품 중개업,기계장비 및 관련 물품 도매업,,,차현배외 6인
A171120,라이온켐텍,코스닥,소재,소재,건축소재,제조업,화학물질 및 화학제품 제조업; 의약품 제외,기타 화학제품 제조업,,,박희원외 12인
A067290,JW신약,코스닥,의료,제약 및 바이오,제약,제조업,의료용 물질 및 의약품 제조업,의약품 제조업,,,JW홀딩스(주)외 2인
A038460,바이오스마트,코스닥,IT,하드웨어,전자 장비 및 기기,제조업,"전자부품, 컴퓨터, 영상, 음향 및 통신장비 제조업",전자부품 제조업,,,박혜린외 3인
A001470,삼부토건,유가증권시장,산업재,자본재,건설,건설업,종합 건설업,토목 건설업,,,조남욱외 34인
A185490,아이진,코스닥,의료,제약 및 바이오,바이오,"전문, 과학 및 기술 서비스업",연구개발업,자연과학 및 공학 연구개발업,,,유원일외 3인
A054780,키이스트,코스닥,경기소비재,미디어,미디어,정보통신업,영상ㆍ오디오 기록물 제작 및 배급업,"영화, 비디오물, 방송프로그램 제작 및 배급업",,,배용준
A009770,삼정펄프,유가증권시장,필수소비재,생활용품,가정생활용품,제조업,"펄프, 종이 및 종이제품 제조업","펄프, 종이 및 판지 제조업",,,전성오외 13인
A004830,덕성,유가증권시장,경기소비재,내구 소비재 및 의류,섬유 및 의복,제조업,고무 및 플라스틱제품 제조업,플라스틱제품 제조업,,,이봉근외 5인
A004720,팜젠사이언스,유가증권시장,의료,제약 및 바이오,제약,제조업,의료용 물질 및 의약품 제조업,의약품 제조업,,,김수경
A016090,대현,유가증권시장,경기소비재,내구 소비재 및 의류,섬유 및 의복,제조업,"의복, 의복 액세서리 및 모피제품 제조업",봉제의복 제조업,,,신현균외 3인
A068330,일신바이오,코스닥,의료,제약 및 바이오,바이오,제조업,기타 기계 및 장비 제조업,일반 목적용 기계 제조업,,,홍성대외 6인
A054300,팬스타엔터프라이즈,코스닥,경기소비재,자동차 및 부품,자동차부품,제조업,기타 기계 및 장비 제조업,일반 목적용 기계 제조업,,,송만철외 5인
A046210,HLB파나진,코스닥,경기소비재,자동차 및 부품,자동차부품,제조업,의료용 물질 및 의약품 제조업,의료용품 및 기타 의약 관련제품 제조업,,,박준곤외 3인
A129260,인터지스,유가증권시장,산업재,운송,육상운수,운수 및 창고업,육상운송 및 파이프라인 운송업,도로 화물 운송업,,,동국제강외 9인
A054620,APS,코스닥,IT,디스플레이,디스플레이 및 관련부품,"전문, 과학 및 기술 서비스업",전문 서비스업,회사 본부 및 경영 컨설팅 서비스업,,,정기로외 3인
A039010,현대에이치티,코스닥,IT,하드웨어,보안장비,제조업,"전자부품, 컴퓨터, 영상, 음향 및 통신장비 제조업",통신 및 방송 장비 제조업,,,이건구외 1인
A053260,금강철강,코스닥,소재,소재,금속 및 광물,제조업,1차 금속 제조업,1차 철강 제조업,,,주광남외 3인
A013870,지엠비코리아,유가증권시장,경기소비재,자동차 및 부품,자동차부품,제조업,자동차 및 트레일러 제조업,자동차 신품 부품 제조업,,,GMB CORP외 12인
A032540,TJ미디어,코스닥,경기소비재,내구 소비재 및 의류,레저용품,제조업,"전자부품, 컴퓨터, 영상, 음향 및 통신장비 제조업",영상 및 음향기기 제조업,,,윤재환외 1인
A072770,율호,코스닥,IT,소프트웨어,인터넷 서비스,정보통신업,"컴퓨터 프로그래밍, 시스템 통합 및 관리업","컴퓨터 프로그래밍, 시스템 통합 및 관리업",,,이현진외 4인
A016250,SGC E&C,코스닥,산업재,자본재,건설,건설업,종합 건설업,건물 건설업,,,삼광유리(주)외 3인
A036000,예림당,코스닥,경기소비재,미디어,미디어,정보통신업,출판업,"서적, 잡지 및 기타 인쇄물 출판업",,,나춘호외 5인
A049480,오픈베이스,코스닥,IT,소프트웨어,IT 서비스,정보통신업,"컴퓨터 프로그래밍, 시스템 통합 및 관리업","컴퓨터 프로그래밍, 시스템 통합 및 관리업",,,정진섭외 3인
A039240,경남스틸,코스닥,소재,소재,금속 및 광물,제조업,1차 금속 제조업,1차 철강 제조업,,,최충경외 1인
A036120,서울평가정보,코스닥,산업재,상업서비스,상업서비스,정보통신업,정보서비스업,기타 정보 서비스업,,,진원이앤씨(주) 외 1인
A003560,IHQ,유가증권시장,경기소비재,미디어,미디어,정보통신업,영상ㆍ오디오 기록물 제작 및 배급업,"영화, 비디오물, 방송프로그램 제작 및 배급업",,,(주)씨앤앰외 4인
A053450,세코닉스,코스닥,IT,하드웨어,휴대폰 및 관련부품,제조업,"의료, 정밀, 광학기기 및 시계 제조업",사진장비 및 광학기기 제조업,,,박원희외 9인
A071090,하이스틸,유가증권시장,소재,소재,금속 및 광물,제조업,1차 금속 제조업,1차 철강 제조업,,,엄정헌외 12인
A036670,삼양케이씨아이,코스닥,필수소비재,생활용품,가정생활용품,제조업,화학물질 및 화학제품 제조업; 의약품 제외,기타 화학제품 제조업,,,윤영호외 19인
A033310,엠투엔,코스닥,소재,소재,용기 및 포장,제조업,"전자부품, 컴퓨터, 영상, 음향 및 통신장비 제조업",전자부품 제조업,,,(주)디케이마린외 2인
A004590,한국가구,코스닥,경기소비재,내구 소비재 및 의류,내구소비재,도매 및 소매업,소매업; 자동차 제외,기타 상품 전문 소매업,,,최훈학외 5인
A043710,서울리거,코스닥,IT,하드웨어,휴대폰 및 관련부품,도매 및 소매업,도매 및 상품 중개업,기타 전문 도매업,,,(주)라이브플렉스외 2인
A036090,위지트,코스닥,IT,디스플레이,디스플레이 및 관련부품,제조업,기타 기계 및 장비 제조업,특수 목적용 기계 제조업,,,(주)제이에스아이코리아
A019990,에너토크,코스닥,산업재,자본재,기계,제조업,기타 기계 및 장비 제조업,일반 목적용 기계 제조업,,,서부전기(주)외 5인
A002630,오리엔트바이오,유가증권시장,의료,제약 및 바이오,바이오,제조업,의료용 물질 및 의약품 제조업,의약품 제조업,,,장재진외 2인
A137950,제이씨케미칼,코스닥,에너지,에너지,에너지 시설 및 서비스,제조업,화학물질 및 화학제품 제조업; 의약품 제외,기타 화학제품 제조업,,,서울석유외 4인
A043650,국순당,코스닥,필수소비재,음식료 및 담배,음료,제조업,음료 제조업,알코올음료 제조업,,,배중호외 8인
A040910,아이씨디,코스닥,IT,디스플레이,디스플레이 및 관련부품,제조업,기타 기계 및 장비 제조업,특수 목적용 기계 제조업,,,이승호외 4인
A099220,SDN,코스닥,에너지,에너지,에너지 시설 및 서비스,도매 및 소매업,도매 및 상품 중개업,기계장비 및 관련 물품 도매업,,,최기혁외 6인
A053050,지에스이,코스닥,유틸리티,유틸리티,가스,"전기, 가스, 증기 및 공기조절 공급업","전기, 가스, 증기 및 공기조절 공급업",연료용 가스 제조 및 배관공급업,,,지에스이홀딩스(주)외 7인
A012790,신일제약,코스닥,의료,제약 및 바이오,제약,제조업,의료용 물질 및 의약품 제조업,의약품 제조업,,,홍성소외 10인
A017480,삼현철강,코스닥,소재,소재,금속 및 광물,제조업,1차 금속 제조업,1차 철강 제조업,,,조수익외 6인
A101330,모베이스,코스닥,IT,하드웨어,휴대폰 및 관련부품,제조업,"전자부품, 컴퓨터, 영상, 음향 및 통신장비 제조업",통신 및 방송 장비 제조업,,,손병준외 2인
A004060,SG세계물산,유가증권시장,경기소비재,내구 소비재 및 의류,섬유 및 의복,도매 및 소매업,도매 및 상품 중개업,상품 종합 도매업,,,(주)SG고려외 3인
A000220,유유제약,유가증권시장,의료,제약 및 바이오,제약,제조업,의료용 물질 및 의약품 제조업,의약품 제조업,,,유승필외 12인
A004540,깨끗한나라,유가증권시장,소재,소재,종이 및 목재,제조업,"펄프, 종이 및 종이제품 제조업","펄프, 종이 및 판지 제조업",AAA,A3-,최정규외 12인
A024900,디와이덕양,유가증권시장,경기소비재,자동차 및 부품,자동차부품,제조업,자동차 및 트레일러 제조업,자동차 신품 부품 제조업,,,윤성희외 13인
A000950,전방,유가증권시장,경기소비재,내구 소비재 및 의류,섬유 및 의복,제조업,섬유제품 제조업; 의복제외,방적 및 가공사 제조업,,,삼영엔지니어링외 10인
A052220,iMBC,코스닥,경기소비재,미디어,미디어,정보통신업,방송 및 영상·오디오물 제공 서비스업,영상·오디오물 제공 서비스업,,,(주)문화방송외 12인
A053980,오상자이엘,코스닥,IT,소프트웨어,IT 서비스,정보통신업,출판업,소프트웨어 개발 및 공급업,,,(주)오상외 3인
A109860,동일금속,코스닥,산업재,자본재,기계,제조업,1차 금속 제조업,금속 주조업,,,오길봉외 2인
A001290,상상인증권,유가증권시장,금융,증권,증권,금융 및 보험업,금융 및 보험 관련 서비스업,금융 지원 서비스업,BBB,A3,(주)골든브릿지외 4인
A041460,한국전자인증,코스닥,산업재,상업서비스,상업서비스,정보통신업,출판업,소프트웨어 개발 및 공급업,,,신홍식외 12인
A013700,까뮤이앤씨,유가증권시장,산업재,자본재,건설,건설업,종합 건설업,건물 건설업,,,(주)베이스에이치디외 5인
A024740,한일단조,코스닥,경기소비재,자동차 및 부품,자동차부품,제조업,자동차 및 트레일러 제조업,자동차 신품 부품 제조업,,,홍진산업(주)외 1인
A038680,에스넷,코스닥,IT,하드웨어,통신장비,정보통신업,"컴퓨터 프로그래밍, 시스템 통합 및 관리업","컴퓨터 프로그래밍, 시스템 통합 및 관리업",,,(주)블루로터스외 2인
A155650,와이엠씨,코스닥,IT,디스플레이,디스플레이 및 관련부품,제조업,"전자부품, 컴퓨터, 영상, 음향 및 통신장비 제조업",전자부품 제조업,,,이윤용외 1인
A003010,혜인,유가증권시장,산업재,자본재,기계,도매 및 소매업,도매 및 상품 중개업,기계장비 및 관련 물품 도매업,,,원경희외 10인
A031820,아이티센씨티에스,유가증권시장,IT,하드웨어,통신장비,정보통신업,"컴퓨터 프로그래밍, 시스템 통합 및 관리업","컴퓨터 프로그래밍, 시스템 통합 및 관리업",,,남석우외 5인
A043910,자연과환경,코스닥,소재,소재,금속 및 광물,제조업,비금속 광물제품 제조업,"시멘트, 석회, 플라스터 및 그 제품 제조업",,,정대열외 2인
A066980,한성크린텍,코스닥,IT,디스플레이,디스플레이 및 관련부품,"전문, 과학 및 기술 서비스업","건축기술, 엔지니어링 및 기타 과학기술 서비스업","건축기술, 엔지니어링 및 관련 기술 서비스업",,,(주)리치커뮤니케이션즈외 2인
A097800,윈팩,코스닥,IT,반도체,반도체 및 관련장비,제조업,"전자부품, 컴퓨터, 영상, 음향 및 통신장비 제조업",반도체 제조업,,,(주)티엘아이
A081150,티플랙스,코스닥,소재,소재,금속 및 광물,제조업,1차 금속 제조업,1차 비철금속 제조업,,,김영국외 6인
A066310,큐에스아이,코스닥,IT,반도체,반도체 및 관련장비,제조업,"전자부품, 컴퓨터, 영상, 음향 및 통신장비 제조업",반도체 제조업,,,삼화양행외 1인
A007370,진양제약,코스닥,의료,제약 및 바이오,제약,제조업,의료용 물질 및 의약품 제조업,의약품 제조업,,,최재준외 6인
A052790,액토즈소프트,코스닥,IT,소프트웨어,게임 소프트웨어,정보통신업,출판업,소프트웨어 개발 및 공급업,,,Shanda Games Korean Investment Ltd.외 1인
A054930,유신,코스닥,산업재,자본재,건설,"전문, 과학 및 기술 서비스업","건축기술, 엔지니어링 및 기타 과학기술 서비스업","건축기술, 엔지니어링 및 관련 기술 서비스업",BBB+,NA,전긍렬외 6인
A080010,이상네트웍스,코스닥,IT,소프트웨어,인터넷 서비스,도매 및 소매업,도매 및 상품 중개업,상품 중개업,,,(주)황금에스티외 3인
A128660,피제이메탈,코스닥,소재,소재,금속 및 광물,제조업,1차 금속 제조업,1차 비철금속 제조업,,,(주)풍전비철외 5인
A010470,오리콤,코스닥,경기소비재,미디어,미디어,"전문, 과학 및 기술 서비스업",전문 서비스업,광고업,,,(주)두산외 2인
A073640,테라사이언스,코스닥,산업재,자본재,기계,제조업,금속가공제품 제조업; 기계 및 가구 제외,기타 금속 가공제품 제조업,,,이택우외 4인
A039420,케이엘넷,코스닥,IT,소프트웨어,IT 서비스,정보통신업,우편 및 통신업,전기 통신업,,,정지원외 2인
A078860,엔에스이엔엠,코스닥,IT,소프트웨어,IT 서비스,정보통신업,영상ㆍ오디오 기록물 제작 및 배급업,"영화, 비디오물, 방송프로그램 제작 및 배급업",,,(주)SH홀딩스외 1인
A094840,슈프리마에이치큐,코스닥,IT,하드웨어,보안장비,제조업,"전자부품, 컴퓨터, 영상, 음향 및 통신장비 제조업",통신 및 방송 장비 제조업,,,이재원외 6인
A094940,푸른기술,코스닥,IT,하드웨어,컴퓨터 및 주변기기,제조업,"전자부품, 컴퓨터, 영상, 음향 및 통신장비 제조업",컴퓨터 및 주변장치 제조업,,,함현철외 5인
A017650,대림제지,코스닥,소재,소재,종이 및 목재,제조업,"펄프, 종이 및 종이제품 제조업",기타 종이 및 판지 제품 제조업,,,류창승외 7인
A088130,동아엘텍,코스닥,IT,디스플레이,디스플레이 및 관련부품,제조업,기타 기계 및 장비 제조업,특수 목적용 기계 제조업,,,박재규외 6인
A000910,유니온,유가증권시장,소재,소재,건축소재,제조업,비금속 광물제품 제조업,"시멘트, 석회, 플라스터 및 그 제품 제조업",,,이 건 영외 7인
A014990,인디에프,유가증권시장,경기소비재,내구 소비재 및 의류,섬유 및 의복,제조업,"의복, 의복 액세서리 및 모피제품 제조업",봉제의복 제조업,,,세아상역(주)외 1인
A061040,알에프텍,코스닥,IT,하드웨어,휴대폰 및 관련부품,제조업,"전자부품, 컴퓨터, 영상, 음향 및 통신장비 제조업",통신 및 방송 장비 제조업,,,정혁진외 2인
A099410,동방선기,코스닥,산업재,자본재,조선,제조업,기타 운송장비 제조업,선박 및 보트 건조업,,,김성호외 6인
A007720,소노스퀘어,코스닥,IT,하드웨어,보안장비,도매 및 소매업,도매 및 상품 중개업,상품 종합 도매업,,,(주)대명홀딩스외 6인
A004450,삼화왕관,유가증권시장,소재,소재,용기 및 포장,제조업,금속가공제품 제조업; 기계 및 가구 제외,기타 금속 가공제품 제조업,,,(주)금비외 1인
A006370,대구백화점,유가증권시장,경기소비재,유통,백화점,도매 및 소매업,소매업; 자동차 제외,종합 소매업,,,구정모외 10인
A092440,기신정기,유가증권시장,산업재,자본재,기계,제조업,기타 기계 및 장비 제조업,특수 목적용 기계 제조업,,,후다바전자공업㈜외 5인
A064240,홈캐스트,코스닥,IT,하드웨어,셋톱 박스,도매 및 소매업,도매 및 상품 중개업,기타 전문 도매업,,,장병권외 2인
A010240,흥국,코스닥,산업재,자본재,기계,제조업,기타 기계 및 장비 제조업,특수 목적용 기계 제조업,,,류명준외 21인
A072470,우리산업홀딩스,코스닥,경기소비재,자동차 및 부품,자동차부품,제조업,자동차 및 트레일러 제조업,자동차 신품 부품 제조업,,,김명준외 1인
A064090,인크레더블버즈,코스닥,IT,하드웨어,보안장비,도매 및 소매업,도매 및 상품 중개업,상품 종합 도매업,,,(주)에스에스모터스외 4인
A065530,와이어블,코스닥,통신서비스,통신서비스,무선통신,정보통신업,우편 및 통신업,전기 통신업,,,장석하외 1인
A010280,아이티센엔텍,코스닥,IT,소프트웨어,IT 서비스,정보통신업,"컴퓨터 프로그래밍, 시스템 통합 및 관리업","컴퓨터 프로그래밍, 시스템 통합 및 관리업",,,쌍용양회외 1인
A033170,시그네틱스,코스닥,IT,반도체,반도체 및 관련장비,제조업,"전자부품, 컴퓨터, 영상, 음향 및 통신장비 제조업",반도체 제조업,,,영풍외 5인
A100030,인지소프트,코스닥,IT,소프트웨어,IT 서비스,정보통신업,출판업,소프트웨어 개발 및 공급업,,,정정기외 1인
A095270,웨이브일렉트로,코스닥,IT,하드웨어,통신장비,제조업,"의료, 정밀, 광학기기 및 시계 제조업","측정, 시험, 항해, 제어 및 기타 정밀기기 제조업; 광학기기 제외",,,박천석외 8인
A100220,비상교육,유가증권시장,경기소비재,소비자 서비스,교육,정보통신업,출판업,"서적, 잡지 및 기타 인쇄물 출판업",,,양태회외 26인
A075180,새론오토모티브,유가증권시장,경기소비재,자동차 및 부품,자동차부품,제조업,자동차 및 트레일러 제조업,자동차 신품 부품 제조업,,,Nisshinbo Holdings INC외 2인
A023440,제이스코홀딩스,코스닥,소재,소재,금속 및 광물,제조업,1차 금속 제조업,1차 철강 제조업,,,최준석외 2인
A058730,다스코,유가증권시장,산업재,운송,운송인프라,제조업,금속가공제품 제조업; 기계 및 가구 제외,"구조용 금속제품, 탱크 및 증기발생기 제조업",,,한상원외 4인
A023810,인팩,유가증권시장,경기소비재,자동차 및 부품,자동차부품,제조업,자동차 및 트레일러 제조업,자동차 신품 부품 제조업,,,최오길외 4인
A186230,그린플러스,코스닥,소재,소재,금속 및 광물,제조업,1차 금속 제조업,1차 비철금속 제조업,,,박영환외 2인
A040610,SG&G,코스닥,경기소비재,자동차 및 부품,자동차부품,제조업,자동차 및 트레일러 제조업,자동차 신품 부품 제조업,,,이의범외 6인
A004910,조광페인트,유가증권시장,산업재,자본재,건축자재,제조업,화학물질 및 화학제품 제조업; 의약품 제외,기타 화학제품 제조업,,,양성민외 9인
A015710,코콤,코스닥,IT,하드웨어,보안장비,제조업,"전자부품, 컴퓨터, 영상, 음향 및 통신장비 제조업",통신 및 방송 장비 제조업,,,고성욱외 8인
A114450,그린생명과학,코스닥,의료,제약 및 바이오,제약,제조업,의료용 물질 및 의약품 제조업,기초 의약 물질 제조업,,,KPX홀딩스(주)
A042110,에스씨디,코스닥,IT,하드웨어,전자 장비 및 기기,제조업,전기장비 제조업,가정용 기기 제조업,,,Nidec Sankyo Corporation
A072130,유엔젤,유가증권시장,IT,소프트웨어,IT 서비스,정보통신업,정보서비스업,"자료처리, 호스팅, 포털 및 기타 인터넷 정보매개 서비스업",,,최충열외 4인
A049550,잉크테크,코스닥,IT,하드웨어,컴퓨터 및 주변기기,제조업,화학물질 및 화학제품 제조업; 의약품 제외,기타 화학제품 제조업,,,정광춘외 12인
A051630,진양화학,유가증권시장,소재,소재,화학,제조업,고무 및 플라스틱제품 제조업,플라스틱제품 제조업,,,㈜진양홀딩스
A092300,현우산업,코스닥,IT,하드웨어,전자 장비 및 기기,제조업,"전자부품, 컴퓨터, 영상, 음향 및 통신장비 제조업",전자부품 제조업,,,문병선외 5인
A109960,앱토크롬,코스닥,IT,하드웨어,휴대폰 및 관련부품,도매 및 소매업,도매 및 상품 중개업,기타 전문 도매업,B-,NA,장 휘외 3인
A046940,우원개발,코스닥,산업재,자본재,건설,건설업,전문직별 공사업,기반조성 및 시설물 축조관련 전문공사업,,,신영임외 1인
A018500,동원금속,유가증권시장,경기소비재,자동차 및 부품,자동차부품,제조업,자동차 및 트레일러 제조업,자동차 신품 부품 제조업,BB-,NA,이은우외 7인
A037950,엘컴텍,코스닥,IT,하드웨어,휴대폰 및 관련부품,제조업,"전자부품, 컴퓨터, 영상, 음향 및 통신장비 제조업",전자부품 제조업,,,파트론외 7인
A017180,명문제약,유가증권시장,의료,제약 및 바이오,제약,제조업,의료용 물질 및 의약품 제조업,의약품 제조업,,,우석민외 1인
A005670,푸드웰,코스닥,필수소비재,음식료 및 담배,식료품,제조업,식료품 제조업,"과실, 채소 가공 및 저장 처리업",,,성민겸외 9인
A033830,티비씨,코스닥,경기소비재,미디어,미디어,정보통신업,방송 및 영상·오디오물 제공 서비스업,텔레비전 방송업,,,(주)나노켐외 4인
A037440,희림,코스닥,산업재,자본재,건설,"전문, 과학 및 기술 서비스업","건축기술, 엔지니어링 및 기타 과학기술 서비스업","건축기술, 엔지니어링 및 관련 기술 서비스업",,,정영균외 4인
A111870,KH 미래물산,코스닥,경기소비재,내구 소비재 및 의류,내구소비재,제조업,"전자부품, 컴퓨터, 영상, 음향 및 통신장비 제조업",영상 및 음향기기 제조업,,,(주)삼본정밀전자홀딩스투자목적회사 외 2인
A038880,아이에이,코스닥,IT,반도체,반도체 및 관련장비,제조업,"전자부품, 컴퓨터, 영상, 음향 및 통신장비 제조업",전자부품 제조업,,,김동진외 1인
A002760,보락,유가증권시장,소재,소재,화학,제조업,화학물질 및 화학제품 제조업; 의약품 제외,기타 화학제품 제조업,,,정기련외 7인
A170790,파이오링크,코스닥,IT,소프트웨어,IT 서비스,제조업,"전자부품, 컴퓨터, 영상, 음향 및 통신장비 제조업",통신 및 방송 장비 제조업,,,조영철외 3인
A155660,DSR,유가증권시장,경기소비재,내구 소비재 및 의류,섬유 및 의복,제조업,1차 금속 제조업,1차 비철금속 제조업,,,DSR제강㈜ 외 11인
A038070,서린바이오,코스닥,의료,의료장비 및 서비스,의료 장비 및 서비스,도매 및 소매업,도매 및 상품 중개업,기타 전문 도매업,,,황을문외 5인
A002140,고려산업,유가증권시장,필수소비재,음식료 및 담배,식료품,제조업,식료품 제조업,"곡물가공품, 전분 및 전분제품 제조업",,,금강공업(주)외 4인
A045340,토탈소프트,코스닥,산업재,운송,운송인프라,정보통신업,출판업,소프트웨어 개발 및 공급업,,,최장수외 3인
A084180,수성웹툰,코스닥,산업재,자본재,기계,제조업,기타 기계 및 장비 제조업,일반 목적용 기계 제조업,,,김준석외 10인
A037330,인지디스플레,코스닥,IT,디스플레이,디스플레이 및 관련부품,제조업,"전자부품, 컴퓨터, 영상, 음향 및 통신장비 제조업",전자부품 제조업,,,인지컨트롤스(주)외 7인
A024840,KBI메탈,코스닥,산업재,자본재,전기장비,제조업,1차 금속 제조업,1차 비철금속 제조업,NA,A1,갑을오토텍(주)외 5인
A008370,원풍,코스닥,소재,소재,화학,제조업,고무 및 플라스틱제품 제조업,플라스틱제품 제조업,,,서승민외 7인
A052670,제일바이오,코스닥,의료,제약 및 바이오,제약,제조업,의료용 물질 및 의약품 제조업,의약품 제조업,,,심광경외 4인
A067920,이글루,코스닥,IT,소프트웨어,일반 소프트웨어,정보통신업,정보서비스업,기타 정보 서비스업,,,이득춘외 7인
A080530,코디,코스닥,IT,반도체,반도체 및 관련장비,제조업,화학물질 및 화학제품 제조업; 의약품 제외,기타 화학제품 제조업,,,박찬중외 1인
A052900,KX하이텍,코스닥,IT,반도체,반도체 및 관련장비,제조업,고무 및 플라스틱제품 제조업,플라스틱제품 제조업,,,(주)포레스파트너스외 3인
A000890,보해양조,유가증권시장,필수소비재,음식료 및 담배,음료,제조업,음료 제조업,알코올음료 제조업,,,(주)창해에탄올외 10인
A007530,와이엠,코스닥,경기소비재,자동차 및 부품,자동차부품,제조업,금속가공제품 제조업; 기계 및 가구 제외,기타 금속 가공제품 제조업,BB-,NA,이정우외 11인
A097780,에코볼트,코스닥,IT,하드웨어,휴대폰 및 관련부품,제조업,자동차 및 트레일러 제조업,자동차 신품 부품 제조업,,,이성철외 9인
A003310,대주산업,코스닥,필수소비재,음식료 및 담배,식료품,제조업,식료품 제조업,동물용 사료 및 조제식품 제조업,,,정은섭외 2인
A066670,디티씨,코스닥,IT,하드웨어,휴대폰 및 관련부품,제조업,"전자부품, 컴퓨터, 영상, 음향 및 통신장비 제조업",전자부품 제조업,,,박윤민외 1인
A004410,서울식품,유가증권시장,필수소비재,음식료 및 담배,식료품,제조업,식료품 제조업,기타 식품 제조업,,,서성훈외 7인
A041650,상신브레이크,유가증권시장,경기소비재,자동차 및 부품,자동차부품,제조업,자동차 및 트레일러 제조업,자동차 신품 부품 제조업,,,정성한외 11인
A100660,서암기계공업,코스닥,산업재,자본재,기계,제조업,기타 기계 및 장비 제조업,일반 목적용 기계 제조업,,,화천기공(주)외 4인
A001550,조비,유가증권시장,소재,소재,화학,제조업,화학물질 및 화학제품 제조업; 의약품 제외,"비료, 농약 및 살균, 살충제 제조업",,,(주)경농외 1인
A171010,램테크놀러지,코스닥,IT,반도체,반도체 및 관련장비,제조업,화학물질 및 화학제품 제조업; 의약품 제외,기초 화학물질 제조업,,,길준잉외 11인
A047400,유니온머티리얼,유가증권시장,경기소비재,자동차 및 부품,자동차부품,제조업,비금속 광물제품 제조업,"내화, 비내화 요업제품 제조업",,,쌍용양회외 5인
A123700,SJM,유가증권시장,경기소비재,자동차 및 부품,자동차부품,제조업,자동차 및 트레일러 제조업,자동차 신품 부품 제조업,,,(주)에스제이엠홀딩스외 5인
A053270,구영테크,코스닥,경기소비재,자동차 및 부품,자동차부품,제조업,자동차 및 트레일러 제조업,자동차 신품 부품 제조업,,,이희화외 7인
A073570,리튬포어스,코스닥,IT,반도체,반도체 및 관련장비,제조업,기타 제품 제조업,그 외 기타 제품 제조업,,,임광빈외 8인
A184230,SGA솔루션즈,코스닥,금융,기타금융,창업투자 및 종금,정보통신업,출판업,소프트웨어 개발 및 공급업,,,유경피에스지자산운용(주)
A037230,한국팩키지,코스닥,소재,소재,용기 및 포장,제조업,"펄프, 종이 및 종이제품 제조업","골판지, 종이 상자 및 종이 용기 제조업",,,한국제지(주)외 3인
A032960,동일기연,코스닥,IT,하드웨어,전자 장비 및 기기,제조업,"전자부품, 컴퓨터, 영상, 음향 및 통신장비 제조업",전자부품 제조업,,,손 동 준외 10인
A004920,씨아이테크,유가증권시장,IT,소프트웨어,IT 서비스,제조업,"전자부품, 컴퓨터, 영상, 음향 및 통신장비 제조업",영상 및 음향기기 제조업,,,(주)에스엔텍외 1인
A024940,PN풍년,코스닥,경기소비재,내구 소비재 및 의류,내구소비재,도매 및 소매업,도매 및 상품 중개업,생활용품 도매업,,,유재원외 3인
A051490,나라엠앤디,코스닥,산업재,자본재,기계,제조업,기타 기계 및 장비 제조업,특수 목적용 기계 제조업,,,김영조외 14인
A010770,평화홀딩스,유가증권시장,경기소비재,자동차 및 부품,자동차부품,제조업,자동차 및 트레일러 제조업,자동차 신품 부품 제조업,,,김종석외 1인
A099520,DGI,코스닥,IT,하드웨어,보안장비,제조업,"전자부품, 컴퓨터, 영상, 음향 및 통신장비 제조업",영상 및 음향기기 제조업,,,박상열외 2인
A117670,알파칩스,코스닥,IT,반도체,반도체 및 관련장비,제조업,"전자부품, 컴퓨터, 영상, 음향 및 통신장비 제조업",반도체 제조업,,,(유)알파크래프트 투자목적회사
A066130,하츠,코스닥,산업재,자본재,건축자재,제조업,전기장비 제조업,가정용 기기 제조업,,,(주)벽산
A011300,성안머티리얼스,유가증권시장,경기소비재,내구 소비재 및 의류,섬유 및 의복,제조업,섬유제품 제조업; 의복제외,직물직조 및 직물제품 제조업,,,박상태외 8인
A025560,미래산업,유가증권시장,IT,반도체,반도체 및 관련장비,제조업,"의료, 정밀, 광학기기 및 시계 제조업","측정, 시험, 항해, 제어 및 기타 정밀기기 제조업; 광학기기 제외",,,
A009190,대양금속,유가증권시장,소재,소재,금속 및 광물,제조업,1차 금속 제조업,1차 철강 제조업,,,한국스탠다드 차타드은행
A025530,SJM홀딩스,유가증권시장,경기소비재,자동차 및 부품,자동차부품,도매 및 소매업,자동차 및 부품 판매업,자동차 부품 및 내장품 판매업,,,김휘중외 5인
A004780,대륙제관,코스닥,소재,소재,용기 및 포장,제조업,금속가공제품 제조업; 기계 및 가구 제외,기타 금속 가공제품 제조업,,,박봉국외 16인
A002920,유성기업,유가증권시장,경기소비재,자동차 및 부품,자동차부품,제조업,자동차 및 트레일러 제조업,자동차 신품 부품 제조업,,,유 시 영외 17인
A071670,에이테크솔루션,코스닥,산업재,자본재,기계,제조업,기타 기계 및 장비 제조업,특수 목적용 기계 제조업,,,유영목외 4인
A046970,우리로,코스닥,IT,하드웨어,통신장비,도매 및 소매업,도매 및 상품 중개업,기타 전문 도매업,,,(주)인피온외 2인
A053620,태양,코스닥,필수소비재,생활용품,가정생활용품,제조업,금속가공제품 제조업; 기계 및 가구 제외,기타 금속 가공제품 제조업,,,현창수외 11인
A019540,일지테크,코스닥,경기소비재,자동차 및 부품,자동차부품,제조업,자동차 및 트레일러 제조업,자동차 신품 부품 제조업,,,구준모외 5인
A017040,광명전기,유가증권시장,산업재,자본재,전기장비,제조업,전기장비 제조업,"전동기, 발전기 및 전기 변환ㆍ 공급ㆍ제어 장치 제조업",,,이재광외 1인
A024950,삼천리자전거,코스닥,경기소비재,내구 소비재 및 의류,레저용품,도매 및 소매업,도매 및 상품 중개업,생활용품 도매업,,,김석환외 1인
A003080,SB성보,유가증권시장,소재,소재,화학,제조업,화학물질 및 화학제품 제조업; 의약품 제외,"비료, 농약 및 살균, 살충제 제조업",,,윤정선외 17인
A038010,제일테크노스,코스닥,소재,소재,금속 및 광물,제조업,금속가공제품 제조업; 기계 및 가구 제외,"구조용 금속제품, 탱크 및 증기발생기 제조업",,,나주영
A138360,협진,코스닥,의료,제약 및 바이오,바이오,제조업,기타 기계 및 장비 제조업,특수 목적용 기계 제조업,,,이보섭외 2인
A065130,탑엔지니어링,코스닥,IT,디스플레이,디스플레이 및 관련부품,제조업,기타 기계 및 장비 제조업,특수 목적용 기계 제조업,,,김원남외 5인
A064480,브리지텍,코스닥,IT,소프트웨어,IT 서비스,정보통신업,출판업,소프트웨어 개발 및 공급업,,,이상호외 3인
A053950,경남제약,코스닥,의료,제약 및 바이오,제약,제조업,의료용 물질 및 의약품 제조업,의약품 제조업,,,오수진외 1인
A033130,디지틀조선,코스닥,경기소비재,미디어,미디어,정보통신업,정보서비스업,"자료처리, 호스팅, 포털 및 기타 인터넷 정보매개 서비스업",,,방상훈외 9인
A004770,써니전자,유가증권시장,IT,하드웨어,전자 장비 및 기기,제조업,"전자부품, 컴퓨터, 영상, 음향 및 통신장비 제조업",전자부품 제조업,,,곽경훈외 5인
A044960,이글벳,코스닥,의료,제약 및 바이오,제약,도매 및 소매업,도매 및 상품 중개업,기타 전문 도매업,,,강태성외 3인
A012160,영흥,유가증권시장,소재,소재,금속 및 광물,제조업,1차 금속 제조업,1차 철강 제조업,,,장세일외 1인
A037760,쎄니트,코스닥,소재,소재,금속 및 광물,제조업,1차 금속 제조업,1차 철강 제조업,,,최재관외 7인
A002880,대유에이텍,유가증권시장,경기소비재,자동차 및 부품,자동차부품,제조업,자동차 및 트레일러 제조업,자동차 신품 부품 제조업,B-,NA,동강홀딩스외 8인
A069730,DSR제강,유가증권시장,소재,소재,금속 및 광물,제조업,1차 금속 제조업,1차 철강 제조업,,,홍하종외 10인
A082210,옵트론텍,코스닥,IT,하드웨어,전자 장비 및 기기,제조업,"의료, 정밀, 광학기기 및 시계 제조업",사진장비 및 광학기기 제조업,,,임지윤외 4인
A001000,신라섬유,코스닥,경기소비재,내구 소비재 및 의류,섬유 및 의복,부동산업,부동산업,부동산 임대 및 공급업,,,박재흥 )외 14인
A046310,백금T&A,코스닥,경기소비재,자동차 및 부품,자동차부품,제조업,"전자부품, 컴퓨터, 영상, 음향 및 통신장비 제조업",통신 및 방송 장비 제조업,,,임학규외 2인
A001620,케이비아이동국실업,유가증권시장,경기소비재,자동차 및 부품,자동차부품,제조업,자동차 및 트레일러 제조업,자동차 신품 부품 제조업,,,박유상외 4인
A057680,티사이언티픽,코스닥,IT,소프트웨어,인터넷 서비스,정보통신업,출판업,소프트웨어 개발 및 공급업,,,김경선외 3인
A066430,아이로보틱스,코스닥,의료,의료장비 및 서비스,의료 장비 및 서비스,도매 및 소매업,도매 및 상품 중개업,기타 전문 도매업,,,김수현
A023350,한국종합기술,유가증권시장,산업재,자본재,건설,"전문, 과학 및 기술 서비스업","건축기술, 엔지니어링 및 기타 과학기술 서비스업","건축기술, 엔지니어링 및 관련 기술 서비스업",BBB+,NA,(주)한진중공업홀딩스외 2인
A014190,원익큐브,코스닥,소재,소재,화학,도매 및 소매업,도매 및 상품 중개업,기타 전문 도매업,,,㈜원익머트리얼즈외 3인
A088910,동우팜투테이블,코스닥,필수소비재,음식료 및 담배,식료품,제조업,식료품 제조업,"도축, 육류 가공 및 저장 처리업",,,김동수외 6인
A007610,선도전기,유가증권시장,산업재,자본재,전기장비,제조업,전기장비 제조업,"전동기, 발전기 및 전기 변환ㆍ 공급ㆍ제어 장치 제조업",,,전동준외 1인
A024910,경창산업,코스닥,경기소비재,자동차 및 부품,자동차부품,제조업,자동차 및 트레일러 제조업,자동차 신품 부품 제조업,,,손일호외 14인
A036180,지더블유바이텍,코스닥,경기소비재,소비자 서비스,교육,도매 및 소매업,도매 및 상품 중개업,기계장비 및 관련 물품 도매업,,,이지민외 11인
A032790,엠젠솔루션,코스닥,IT,하드웨어,컴퓨터 및 주변기기,도매 및 소매업,도매 및 상품 중개업,기계장비 및 관련 물품 도매업,,,신용현
A011230,삼화전자,유가증권시장,산업재,자본재,전기장비,제조업,"전자부품, 컴퓨터, 영상, 음향 및 통신장비 제조업",영상 및 음향기기 제조업,,,오영주외 5인
A068050,팬엔터테인먼트,코스닥,경기소비재,미디어,미디어,정보통신업,영상ㆍ오디오 기록물 제작 및 배급업,"영화, 비디오물, 방송프로그램 제작 및 배급업",,,박영석외 1인
A148250,알엔투테크놀로지,코스닥,IT,하드웨어,전자 장비 및 기기,제조업,"전자부품, 컴퓨터, 영상, 음향 및 통신장비 제조업",전자부품 제조업,,,이효종외 3인
A011420,갤럭시아에스엠,유가증권시장,경기소비재,미디어,미디어,"예술, 스포츠 및 여가관련 서비스업",스포츠 및 오락관련 서비스업,스포츠 서비스업,,,트리니티에셋매니지먼트(주)외 5인
A056360,코위버,코스닥,IT,하드웨어,통신장비,제조업,"전자부품, 컴퓨터, 영상, 음향 및 통신장비 제조업",통신 및 방송 장비 제조업,,,황 인 환외 6인
A004870,티웨이홀딩스,유가증권시장,소재,소재,건축소재,제조업,비금속 광물제품 제조업,"시멘트, 석회, 플라스터 및 그 제품 제조업",,,(주)예림당외 3인
A002410,범양건영,유가증권시장,산업재,자본재,건설,건설업,종합 건설업,건물 건설업,,,플라스코앤비(주)외 1인
A036170,에이치엠넥스,코스닥,IT,하드웨어,전자 장비 및 기기,제조업,"전자부품, 컴퓨터, 영상, 음향 및 통신장비 제조업",반도체 제조업,,,(주)에스피애드컴외 1인
A069410,엔텔스,코스닥,IT,소프트웨어,IT 서비스,정보통신업,출판업,소프트웨어 개발 및 공급업,,,심재희외 6인
A118000,메타케어,유가증권시장,의료,의료장비 및 서비스,의료 장비 및 서비스,도매 및 소매업,도매 및 상품 중개업,기계장비 및 관련 물품 도매업,,,김수경외 4인
A008870,금비,유가증권시장,소재,소재,용기 및 포장,제조업,비금속 광물제품 제조업,유리 및 유리제품 제조업,,,고병헌외 8인
A097870,효성오앤비,코스닥,소재,소재,화학,제조업,화학물질 및 화학제품 제조업; 의약품 제외,"비료, 농약 및 살균, 살충제 제조업",,,박태헌외 8인
A093240,형지엘리트,유가증권시장,경기소비재,내구 소비재 및 의류,섬유 및 의복,제조업,"의복, 의복 액세서리 및 모피제품 제조업",봉제의복 제조업,B+,NA,(주)우성아이앤씨외 2인
A150900,파수,코스닥,IT,소프트웨어,일반 소프트웨어,정보통신업,출판업,소프트웨어 개발 및 공급업,,,조규곤외 11인
A049830,승일,코스닥,소재,소재,용기 및 포장,제조업,금속가공제품 제조업; 기계 및 가구 제외,기타 금속 가공제품 제조업,,,현창수외 15인
A021880,메이슨캐피탈,코스닥,금융,기타금융,소비자 금융,금융 및 보험업,금융업,기타 금융업,,,씨엑스씨(주)
A008250,이건산업,유가증권시장,소재,소재,종이 및 목재,제조업,목재 및 나무제품 제조업; 가구 제외,나무제품 제조업,,,(주)이건창호외 6인
A006980,우성,유가증권시장,필수소비재,음식료 및 담배,식료품,제조업,식료품 제조업,"곡물가공품, 전분 및 전분제품 제조업",,,정보연외 16인
A026040,제이에스티나,코스닥,경기소비재,내구 소비재 및 의류,섬유 및 의복,제조업,기타 제품 제조업,귀금속 및 장신용품 제조업,,,김기문외 1인
A090080,평화산업,유가증권시장,경기소비재,자동차 및 부품,자동차부품,제조업,자동차 및 트레일러 제조업,자동차 신품 부품 제조업,,,평화홀딩스(주)외 2인
A089150,케이씨티,코스닥,IT,하드웨어,컴퓨터 및 주변기기,정보통신업,"컴퓨터 프로그래밍, 시스템 통합 및 관리업","컴퓨터 프로그래밍, 시스템 통합 및 관리업",,,한국컴퓨터지주(주)
A021050,서원,유가증권시장,소재,소재,금속 및 광물,제조업,1차 금속 제조업,금속 주조업,,,조시영외 2인
A096610,알에프세미,코스닥,IT,하드웨어,휴대폰 및 관련부품,제조업,"전자부품, 컴퓨터, 영상, 음향 및 통신장비 제조업",반도체 제조업,,,이진효외 2인
A109820,진매트릭스,코스닥,의료,제약 및 바이오,바이오,"전문, 과학 및 기술 서비스업",연구개발업,자연과학 및 공학 연구개발업,,,유왕돈외 6인
A060900,에이전트AI,코스닥,산업재,자본재,건설,"전기, 가스, 증기 및 공기조절 공급업","전기, 가스, 증기 및 공기조절 공급업",전기업,,,글로벌통상주식회사외 3인
A122690,서진오토모티브,코스닥,경기소비재,자동차 및 부품,자동차부품,제조업,자동차 및 트레일러 제조업,자동차 신품 부품 제조업,,,배석두외 2인
A025750,한솔홈데코,유가증권시장,소재,소재,종이 및 목재,제조업,목재 및 나무제품 제조업; 가구 제외,제재 및 목재 가공업,BBB,A3,한솔제지외 2인
A033560,블루콤,코스닥,IT,하드웨어,휴대폰 및 관련부품,제조업,"전자부품, 컴퓨터, 영상, 음향 및 통신장비 제조업",영상 및 음향기기 제조업,,,김종규외 4인
A046390,삼화네트웍스,코스닥,경기소비재,미디어,미디어,정보통신업,영상ㆍ오디오 기록물 제작 및 배급업,"영화, 비디오물, 방송프로그램 제작 및 배급업",,,신상윤외 3인
A039290,인포뱅크,코스닥,IT,소프트웨어,일반 소프트웨어,정보통신업,정보서비스업,기타 정보 서비스업,,,박태형외 8인
A078590,휴림에이텍,코스닥,경기소비재,자동차 및 부품,자동차부품,제조업,자동차 및 트레일러 제조업,자동차 신품 부품 제조업,,,(주)IHC외 3인
A057030,YBM넷,코스닥,경기소비재,소비자 서비스,교육,교육 서비스업,교육 서비스업,교육지원 서비스업,,,(주)와이비엠외 19인
A032860,더라미,코스닥,소재,소재,금속 및 광물,"수도, 하수 및 폐기물 처리, 원료 재생업","폐기물 수집, 운반, 처리 및 원료 재생업","해체, 선별 및 원료 재생업",,,강진수외 7인
A002290,삼일기업공사,코스닥,산업재,자본재,건설,건설업,종합 건설업,건물 건설업,,,박종웅
A027740,마니커,유가증권시장,필수소비재,음식료 및 담배,식료품,제조업,식료품 제조업,"도축, 육류 가공 및 저장 처리업",,,(주)이지바이오외 3인
A056700,신화인터텍,코스닥,IT,디스플레이,디스플레이 및 관련부품,제조업,고무 및 플라스틱제품 제조업,플라스틱제품 제조업,,,(주)효성외 2인
A010600,웰바이오텍,유가증권시장,경기소비재,내구 소비재 및 의류,섬유 및 의복,도매 및 소매업,도매 및 상품 중개업,상품 중개업,,,조행훈외 1인
A067170,오텍,코스닥,산업재,자본재,기계,제조업,자동차 및 트레일러 제조업,자동차 재제조 부품 제조업,BB-,NA,강성희
A012280,영화금속,유가증권시장,경기소비재,자동차 및 부품,자동차부품,제조업,자동차 및 트레일러 제조업,자동차 신품 부품 제조업,,,삼신정밀(주)외 4인
A006740,블루산업개발,유가증권시장,소재,소재,종이 및 목재,제조업,"펄프, 종이 및 종이제품 제조업","골판지, 종이 상자 및 종이 용기 제조업",,,노미정
A122350,삼기,코스닥,경기소비재,자동차 및 부품,자동차부품,제조업,자동차 및 트레일러 제조업,자동차 신품 부품 제조업,,,김치환외 7인
A037370,EG,코스닥,소재,소재,금속 및 광물,제조업,화학물질 및 화학제품 제조업; 의약품 제외,기초 화학물질 제조업,,,박지만외 1인
A096630,에스코넥,코스닥,IT,하드웨어,휴대폰 및 관련부품,제조업,"전자부품, 컴퓨터, 영상, 음향 및 통신장비 제조업",통신 및 방송 장비 제조업,,,박순관외 1인
A014570,고려제약,코스닥,의료,제약 및 바이오,제약,제조업,의료용 물질 및 의약품 제조업,의약품 제조업,,,박상훈외 5인
A096690,에이루트,코스닥,IT,하드웨어,컴퓨터 및 주변기기,제조업,"전자부품, 컴퓨터, 영상, 음향 및 통신장비 제조업",컴퓨터 및 주변장치 제조업,,,전병운외 7인
A040160,누리플렉스,코스닥,IT,소프트웨어,일반 소프트웨어,정보통신업,출판업,소프트웨어 개발 및 공급업,,,조송만외 7인
A023960,에쓰씨엔지니어링,유가증권시장,산업재,자본재,건설,건설업,종합 건설업,토목 건설업,,,SC기획외 6인
A065950,웰크론,코스닥,경기소비재,내구 소비재 및 의류,내구소비재,제조업,섬유제품 제조업; 의복제외,직물직조 및 직물제품 제조업,,,이영규외 13인
A082660,코스나인,코스닥,IT,하드웨어,휴대폰 및 관련부품,제조업,화학물질 및 화학제품 제조업; 의약품 제외,기타 화학제품 제조업,,,크루셜텍(주)외 1인
A056730,CNT85,코스닥,경기소비재,내구 소비재 및 의류,내구소비재,건설업,종합 건설업,건물 건설업,,,(주)엘케이알엔아이외 1인
A049080,기가레인,코스닥,IT,하드웨어,휴대폰 및 관련부품,제조업,"전자부품, 컴퓨터, 영상, 음향 및 통신장비 제조업",전자부품 제조업,,,김정곤외 22인
A000760,이화산업,유가증권시장,소재,소재,화학,도매 및 소매업,도매 및 상품 중개업,기타 전문 도매업,,,조규완외 4인
A038870,에코바이오,코스닥,유틸리티,유틸리티,전력,"사업시설 관리, 사업 지원 및 임대 서비스업",사업시설 관리 및 조경 서비스업,사업시설 유지ㆍ관리 서비스업,,,송효순외 4인
A109080,옵티시스,코스닥,IT,하드웨어,통신장비,제조업,"전자부품, 컴퓨터, 영상, 음향 및 통신장비 제조업",통신 및 방송 장비 제조업,,,신현국외 6인
A094970,제이엠티,코스닥,IT,디스플레이,디스플레이 및 관련부품,제조업,"전자부품, 컴퓨터, 영상, 음향 및 통신장비 제조업",전자부품 제조업,,,정수연외 4인
A089790,제이티,코스닥,IT,반도체,반도체 및 관련장비,제조업,기타 기계 및 장비 제조업,특수 목적용 기계 제조업,,,유홍준외 1인
A033200,모아텍,코스닥,IT,하드웨어,전자 장비 및 기기,제조업,"전자부품, 컴퓨터, 영상, 음향 및 통신장비 제조업",전자부품 제조업,,,"MINEBEA CO.,LTD외 1인"
A101240,씨큐브,코스닥,소재,소재,화학,제조업,화학물질 및 화학제품 제조업; 의약품 제외,기초 화학물질 제조업,,,장길완외 3인
A052600,한네트,코스닥,산업재,상업서비스,상업서비스,정보통신업,우편 및 통신업,전기 통신업,,,한국컴퓨터지주(주)
A020760,일진디스플,유가증권시장,IT,디스플레이,디스플레이 및 관련부품,제조업,"전자부품, 컴퓨터, 영상, 음향 및 통신장비 제조업",반도체 제조업,,,허진규외 9인
A057540,옴니시스템,코스닥,산업재,자본재,전기장비,제조업,"의료, 정밀, 광학기기 및 시계 제조업","측정, 시험, 항해, 제어 및 기타 정밀기기 제조업; 광학기기 제외",,,(주)바이오스마트외 3인
A025880,케이씨피드,코스닥,필수소비재,음식료 및 담배,식료품,제조업,식료품 제조업,동물용 사료 및 조제식품 제조업,,,정한식외 5인
A009320,아진전자부품,유가증권시장,경기소비재,자동차 및 부품,자동차부품,제조업,자동차 및 트레일러 제조업,자동차 신품 부품 제조업,,,(주)우신산업외 2인
A126640,화신정공,코스닥,경기소비재,자동차 및 부품,자동차부품,제조업,자동차 및 트레일러 제조업,자동차 신품 부품 제조업,,,정 호외 24인
A091590,남화토건,코스닥,산업재,자본재,건설,건설업,종합 건설업,건물 건설업,,,최상준외 20인
A066910,손오공,코스닥,경기소비재,내구 소비재 및 의류,레저용품,도매 및 소매업,도매 및 상품 중개업,기타 전문 도매업,,,최신규
A009730,이렘,코스닥,소재,소재,금속 및 광물,제조업,1차 금속 제조업,1차 철강 제조업,,,이제원
A040350,크레오에스지,코스닥,IT,소프트웨어,IT 서비스,정보통신업,"컴퓨터 프로그래밍, 시스템 통합 및 관리업","컴퓨터 프로그래밍, 시스템 통합 및 관리업",,,(주)큐로홀딩스외 4인
A036690,코맥스,코스닥,IT,하드웨어,보안장비,제조업,"전자부품, 컴퓨터, 영상, 음향 및 통신장비 제조업",통신 및 방송 장비 제조업,,,변 봉 덕외 9인
A027580,상보,코스닥,IT,디스플레이,디스플레이 및 관련부품,제조업,고무 및 플라스틱제품 제조업,플라스틱제품 제조업,,,김상근외 5인
A073110,엘엠에스,코스닥,IT,디스플레이,디스플레이 및 관련부품,제조업,"전자부품, 컴퓨터, 영상, 음향 및 통신장비 제조업",전자부품 제조업,,,나우주외 4인
A123570,이엠넷,코스닥,경기소비재,미디어,미디어,"전문, 과학 및 기술 서비스업",전문 서비스업,광고업,,,김영원외 6인
A051390,YW,코스닥,IT,하드웨어,통신장비,도매 및 소매업,도매 및 상품 중개업,상품 종합 도매업,,,우병일
A071950,코아스,유가증권시장,경기소비재,내구 소비재 및 의류,내구소비재,제조업,가구 제조업,가구 제조업,,,노재근외 3인
A114630,폴라리스우노,코스닥,IT,하드웨어,전자 장비 및 기기,제조업,화학물질 및 화학제품 제조업; 의약품 제외,화학섬유 제조업,,,김종천외 8인
A038620,위즈코프,코스닥,산업재,운송,운송인프라,도매 및 소매업,소매업; 자동차 제외,연료 소매업,,,정승환외 2인
A006050,국영지앤엠,코스닥,산업재,자본재,건축자재,제조업,비금속 광물제품 제조업,유리 및 유리제품 제조업,,,최재원외 6인
A066900,디에이피,코스닥,IT,하드웨어,휴대폰 및 관련부품,제조업,"전자부품, 컴퓨터, 영상, 음향 및 통신장비 제조업",전자부품 제조업,,,(주)케이아이지외 2인
A072950,빛샘전자,코스닥,IT,디스플레이,디스플레이 및 관련부품,제조업,"전자부품, 컴퓨터, 영상, 음향 및 통신장비 제조업",전자부품 제조업,,,강만준외 7인
A189330,씨이랩,코스닥,IT,소프트웨어,IT 서비스,정보통신업,출판업,소프트웨어 개발 및 공급업,,,이우영외 5인
A053160,프리엠스,코스닥,산업재,자본재,기계,제조업,전기장비 제조업,"전동기, 발전기 및 전기 변환ㆍ 공급ㆍ제어 장치 제조업",,,주도식
A109070,주성코퍼레이션,유가증권시장,소재,소재,종이 및 목재,제조업,"전자부품, 컴퓨터, 영상, 음향 및 통신장비 제조업",통신 및 방송 장비 제조업,,,국일제지(주)
A019770,서연탑메탈,코스닥,산업재,자본재,기계,제조업,기타 기계 및 장비 제조업,특수 목적용 기계 제조업,,,(주)서연외 6인
A016600,큐캐피탈,코스닥,금융,기타금융,창업투자 및 종금,금융 및 보험업,금융업,기타 금융업,,,(주)지엔코
A048770,TPC,코스닥,산업재,자본재,기계,제조업,기타 기계 및 장비 제조업,일반 목적용 기계 제조업,,,엄재윤외 10인
A002360,SH에너지화학,유가증권시장,소재,소재,화학,제조업,화학물질 및 화학제품 제조업; 의약품 제외,기초 화학물질 제조업,,,"REALTY ADVISORS, INC.외 1인"
A104200,NHN벅스,코스닥,경기소비재,미디어,미디어,정보통신업,출판업,소프트웨어 개발 및 공급업,,,㈜네오위즈홀딩스외 8인
A134790,시디즈,유가증권시장,경기소비재,내구 소비재 및 의류,내구소비재,제조업,가구 제조업,가구 제조업,,,(주)시디즈외 4인
A033540,파라텍,코스닥,산업재,자본재,기계,제조업,기타 기계 및 장비 제조업,특수 목적용 기계 제조업,,,(주)베이스HD외 2인
A008420,문배철강,유가증권시장,소재,소재,금속 및 광물,제조업,1차 금속 제조업,1차 철강 제조업,,,배종민외 9인
A079000,와토스코리아,코스닥,산업재,자본재,건축자재,제조업,고무 및 플라스틱제품 제조업,플라스틱제품 제조업,,,송공석외 11인
A083550,케이엠,코스닥,IT,반도체,반도체 및 관련장비,제조업,섬유제품 제조업; 의복제외,기타 섬유제품 제조업,,,신병순외 4인
A075970,동국알앤에스,코스닥,소재,소재,금속 및 광물,제조업,비금속 광물제품 제조업,기타 비금속 광물제품 제조업,,,장세희외 9인
A042040,케이피엠테크,코스닥,소재,소재,화학,도매 및 소매업,도매 및 상품 중개업,기타 전문 도매업,,,채창근외 6인
A049120,파인디앤씨,코스닥,IT,디스플레이,디스플레이 및 관련부품,제조업,"전자부품, 컴퓨터, 영상, 음향 및 통신장비 제조업",전자부품 제조업,,,홍성천외 1인
A050860,아세아텍,코스닥,산업재,자본재,기계,제조업,기타 기계 및 장비 제조업,특수 목적용 기계 제조업,,,김웅길외 4인
A153460,네이블,코스닥,IT,소프트웨어,일반 소프트웨어,정보통신업,출판업,소프트웨어 개발 및 공급업,,,㈜엔텔스
A000040,KR모터스,유가증권시장,경기소비재,자동차 및 부품,자동차,제조업,기타 운송장비 제조업,그 외 기타 운송장비 제조업,,,오세영외 1인
A086040,바이오톡스텍,코스닥,의료,제약 및 바이오,바이오,"전문, 과학 및 기술 서비스업",연구개발업,자연과학 및 공학 연구개발업,,,강종구외 7인
A013720,THE CUBE&,코스닥,경기소비재,자동차 및 부품,자동차부품,제조업,자동차 및 트레일러 제조업,자동차 신품 부품 제조업,,,박순이외 5인
A131100,티엔엔터테인먼트,코스닥,소재,소재,화학,정보통신업,영상ㆍ오디오 기록물 제작 및 배급업,"영화, 비디오물, 방송프로그램 제작 및 배급업",,,이남석외 5인
A069540,빛과전자,코스닥,IT,하드웨어,통신장비,제조업,"전자부품, 컴퓨터, 영상, 음향 및 통신장비 제조업",통신 및 방송 장비 제조업,,,김홍만외 3인
A075130,플랜티넷,코스닥,IT,소프트웨어,인터넷 서비스,정보통신업,"컴퓨터 프로그래밍, 시스템 통합 및 관리업","컴퓨터 프로그래밍, 시스템 통합 및 관리업",,,김태주외 4인
A065440,이루온,코스닥,IT,소프트웨어,IT 서비스,정보통신업,출판업,소프트웨어 개발 및 공급업,,,이승구외 1인
A017000,신원종합개발,코스닥,산업재,자본재,건설,건설업,종합 건설업,건물 건설업,,,(주)원익외 1인
A026940,부국철강,유가증권시장,소재,소재,금속 및 광물,제조업,1차 금속 제조업,1차 철강 제조업,,,남상규외 8인
A019490,엑시큐어하이트론,유가증권시장,IT,하드웨어,보안장비,제조업,"전자부품, 컴퓨터, 영상, 음향 및 통신장비 제조업",영상 및 음향기기 제조업,,,최영덕외 2인
A023790,동일스틸럭스,코스닥,소재,소재,금속 및 광물,제조업,1차 금속 제조업,1차 철강 제조업,,,장인화외 6인
A049180,셀루메드,코스닥,의료,의료장비 및 서비스,의료 장비 및 서비스,제조업,의료용 물질 및 의약품 제조업,기초 의약 물질 제조업,,,심영복외 1인
A024120,KB오토시스,코스닥,경기소비재,자동차 및 부품,자동차부품,제조업,자동차 및 트레일러 제조업,자동차 신품 부품 제조업,,,김용웅외 12인
A052860,아이앤씨,코스닥,IT,하드웨어,휴대폰 및 관련부품,제조업,"전자부품, 컴퓨터, 영상, 음향 및 통신장비 제조업",반도체 제조업,,,박창일외 1인
A012200,계양전기,유가증권시장,산업재,자본재,기계,제조업,기타 기계 및 장비 제조업,일반 목적용 기계 제조업,,,단재완외 11인
A050120,ES큐브,코스닥,경기소비재,내구 소비재 및 의류,레저용품,도매 및 소매업,도매 및 상품 중개업,생활용품 도매업,,,김병진
A069920,엑시온그룹,코스닥,경기소비재,유통,온라인쇼핑,도매 및 소매업,소매업; 자동차 제외,무점포 소매업,,,(주)아이에스이네트워크외 11인
A020180,대신정보통신,코스닥,IT,소프트웨어,IT 서비스,정보통신업,"컴퓨터 프로그래밍, 시스템 통합 및 관리업","컴퓨터 프로그래밍, 시스템 통합 및 관리업",,,최갑순외 12인
A009810,플레이그램,유가증권시장,소재,소재,용기 및 포장,도매 및 소매업,도매 및 상품 중개업,기타 전문 도매업,,,(주)하나모두외 3인
A002870,신풍,유가증권시장,소재,소재,종이 및 목재,도매 및 소매업,도매 및 상품 중개업,기타 전문 도매업,,,정학헌외 8인
A016100,리더스코스메틱,코스닥,소재,소재,용기 및 포장,제조업,"펄프, 종이 및 종이제품 제조업","골판지, 종이 상자 및 종이 용기 제조업",,,김판길외 7인
A043340,에쎈테크,코스닥,산업재,자본재,기계,제조업,기타 기계 및 장비 제조업,일반 목적용 기계 제조업,,,조 시 영외 3인
A010640,진양폴리,유가증권시장,소재,소재,화학,제조업,고무 및 플라스틱제품 제조업,플라스틱제품 제조업,,,(주)진양홀딩스외 2인
A022220,티케이지애강,코스닥,산업재,자본재,건축자재,제조업,고무 및 플라스틱제품 제조업,플라스틱제품 제조업,,,태광실업(주)외 2인
A045060,오공,코스닥,소재,소재,화학,제조업,화학물질 및 화학제품 제조업; 의약품 제외,기타 화학제품 제조업,,,김창식외 10인
A115160,휴맥스,코스닥,IT,하드웨어,셋톱 박스,제조업,"전자부품, 컴퓨터, 영상, 음향 및 통신장비 제조업",영상 및 음향기기 제조업,,,(주)휴맥스 홀딩스외 2인
A052300,오션인더블유,코스닥,산업재,운송,육상운수,도매 및 소매업,도매 및 상품 중개업,상품 종합 도매업,,,대안합명회사
A031310,아이즈비전,코스닥,통신서비스,통신서비스,유선통신,정보통신업,우편 및 통신업,전기 통신업,,,이통형외 6인
A119500,포메탈,코스닥,산업재,자본재,기계,제조업,금속가공제품 제조업; 기계 및 가구 제외,기타 금속 가공제품 제조업,,,오세원외 6인
A052460,아이크래프트,코스닥,IT,소프트웨어,IT 서비스,정보통신업,"컴퓨터 프로그래밍, 시스템 통합 및 관리업","컴퓨터 프로그래밍, 시스템 통합 및 관리업",,,박우진외 2인
A049800,우진플라임,유가증권시장,산업재,자본재,기계,제조업,기타 기계 및 장비 제조업,특수 목적용 기계 제조업,,,김익환외 2인
A014130,한익스프레스,유가증권시장,산업재,운송,육상운수,운수 및 창고업,육상운송 및 파이프라인 운송업,도로 화물 운송업,,,김영혜외 1인
A005030,부산주공,유가증권시장,경기소비재,자동차 및 부품,자동차부품,제조업,자동차 및 트레일러 제조업,자동차 신품 부품 제조업,,,(주)세연아이엠외 2인
A005360,모나미,유가증권시장,산업재,상업서비스,상업서비스,도매 및 소매업,도매 및 상품 중개업,생활용품 도매업,,,송하경외 4인
A021650,한국큐빅,코스닥,소재,소재,화학,제조업,고무 및 플라스틱제품 제조업,플라스틱제품 제조업,,,이재원외 7인
A011090,에넥스,유가증권시장,경기소비재,내구 소비재 및 의류,내구소비재,제조업,가구 제조업,가구 제조업,,,박진규외 8인
A080520,오디텍,코스닥,IT,반도체,반도체 및 관련장비,제조업,"전자부품, 컴퓨터, 영상, 음향 및 통신장비 제조업",반도체 제조업,,,박병근외 3인
A001210,금호전기,유가증권시장,IT,디스플레이,디스플레이 및 관련부품,제조업,전기장비 제조업,전구 및 조명장치 제조업,,,박명구외 10인
A064520,테크엘,코스닥,IT,반도체,반도체 및 관련장비,제조업,"전자부품, 컴퓨터, 영상, 음향 및 통신장비 제조업",반도체 제조업,,,김태섭외 1인
A074610,이엔플러스,유가증권시장,산업재,자본재,기계,제조업,기타 기계 및 장비 제조업,일반 목적용 기계 제조업,,,에듀심포니(주)외 9인
A059100,아이컴포넌트,코스닥,IT,디스플레이,디스플레이 및 관련부품,제조업,"전자부품, 컴퓨터, 영상, 음향 및 통신장비 제조업",전자부품 제조업,,,김양국외 5인
A131220,대한과학,코스닥,의료,의료장비 및 서비스,의료 장비 및 서비스,도매 및 소매업,도매 및 상품 중개업,기계장비 및 관련 물품 도매업,,,서은택외 16인
A032580,피델릭스,코스닥,IT,하드웨어,휴대폰 및 관련부품,제조업,"전자부품, 컴퓨터, 영상, 음향 및 통신장비 제조업",반도체 제조업,,,안승한외 2인
A123840,뉴온,코스닥,IT,하드웨어,휴대폰 및 관련부품,제조업,식료품 제조업,기타 식품 제조업,,,이희신외 1인
A019660,글로본,코스닥,금융,기타금융,창업투자 및 종금,도매 및 소매업,도매 및 상품 중개업,상품 종합 도매업,,,에스비아이코리아홀딩스(주)외 0인
A023150,MH에탄올,유가증권시장,필수소비재,음식료 및 담배,음료,제조업,음료 제조업,알코올음료 제조업,,,최동호외 2인
A003680,한성기업,유가증권시장,필수소비재,음식료 및 담배,식료품,제조업,식료품 제조업,수산물 가공 및 저장 처리업,BB+,NA,임우근외 10인
A043100,알파AI,코스닥,의료,의료장비 및 서비스,의료 장비 및 서비스,제조업,"의료, 정밀, 광학기기 및 시계 제조업",의료용 기기 제조업,,,김서곤외 3인
A090370,메타랩스,유가증권시장,경기소비재,내구 소비재 및 의류,섬유 및 의복,제조업,"의복, 의복 액세서리 및 모피제품 제조업",봉제의복 제조업,,,김동근외 1인
A130500,GH신소재,코스닥,경기소비재,자동차 및 부품,자동차부품,제조업,섬유제품 제조업; 의복제외,기타 섬유제품 제조업,,,브이피코리아(주)외 2인
A012620,원일특강,코스닥,소재,소재,금속 및 광물,제조업,1차 금속 제조업,1차 철강 제조업,,,박성진외 7인
A083660,CSA 코스믹,코스닥,산업재,자본재,건축자재,제조업,화학물질 및 화학제품 제조업; 의약품 제외,기타 화학제품 제조업,,,(주)지오콘외 1인
A138070,신진에스엠,코스닥,산업재,자본재,기계,제조업,금속가공제품 제조업; 기계 및 가구 제외,기타 금속 가공제품 제조업,,,김영현외 4인
A001840,이화공영,코스닥,산업재,자본재,건설,건설업,종합 건설업,건물 건설업,,,최삼규외 3인
A153490,우리이앤엘,코스닥,IT,디스플레이,디스플레이 및 관련부품,제조업,"전자부품, 컴퓨터, 영상, 음향 및 통신장비 제조업",반도체 제조업,,,우리이티아이(주)외 7인
A002420,세기상사,유가증권시장,경기소비재,미디어,미디어,도매 및 소매업,소매업; 자동차 제외,연료 소매업,NA,A1,국정본외 8인
A001070,대한방직,유가증권시장,경기소비재,내구 소비재 및 의류,섬유 및 의복,제조업,섬유제품 제조업; 의복제외,직물직조 및 직물제품 제조업,BB,NA,설 범외 10인
A081580,성우전자,코스닥,IT,하드웨어,휴대폰 및 관련부품,제조업,"전자부품, 컴퓨터, 영상, 음향 및 통신장비 제조업",통신 및 방송 장비 제조업,,,조성면외 5인
A016670,디모아,코스닥,IT,소프트웨어,일반 소프트웨어,도매 및 소매업,도매 및 상품 중개업,기타 전문 도매업,,,허한범
A018680,서울제약,코스닥,의료,제약 및 바이오,제약,제조업,의료용 물질 및 의약품 제조업,의약품 제조업,,,황우성외 9인
A068940,셀피글로벌,코스닥,산업재,상업서비스,상업서비스,제조업,"전자부품, 컴퓨터, 영상, 음향 및 통신장비 제조업",전자부품 제조업,,,김남주외 9인
A089140,넥스턴앤롤코리아,코스닥,산업재,자본재,기계,제조업,기타 기계 및 장비 제조업,특수 목적용 기계 제조업,,,문홍기외 2인
A025440,DH오토웨어,코스닥,경기소비재,자동차 및 부품,자동차부품,제조업,"전자부품, 컴퓨터, 영상, 음향 및 통신장비 제조업",영상 및 음향기기 제조업,BB,NA,박 성 규외 12인
A079170,한창산업,코스닥,소재,소재,화학,제조업,1차 금속 제조업,1차 비철금속 제조업,,,윤성진외 10인
A043200,파루,코스닥,에너지,에너지,에너지 시설 및 서비스,제조업,전기장비 제조업,"전동기, 발전기 및 전기 변환ㆍ 공급ㆍ제어 장치 제조업",,,강문식외 4인
A013810,스페코,코스닥,산업재,자본재,건설,제조업,기타 기계 및 장비 제조업,특수 목적용 기계 제조업,,,김종섭외 2인
A086060,진바이오텍,코스닥,의료,제약 및 바이오,제약,도매 및 소매업,도매 및 상품 중개업,산업용 농ㆍ축산물 및 동ㆍ식물 도매업,,,이찬호외 3인
A005820,원림,유가증권시장,소재,소재,용기 및 포장,제조업,섬유제품 제조업; 의복제외,직물직조 및 직물제품 제조업,,,신성엽외 5인
A006570,대림통상,유가증권시장,산업재,자본재,건축자재,제조업,금속가공제품 제조업; 기계 및 가구 제외,기타 금속 가공제품 제조업,,,디앤디 파트너스(주)외 7인
A060540,에스에이티,코스닥,IT,하드웨어,통신장비,제조업,"의료, 정밀, 광학기기 및 시계 제조업","측정, 시험, 항해, 제어 및 기타 정밀기기 제조업; 광학기기 제외",,,㈜에프넷
A013000,세우글로벌,유가증권시장,소재,소재,화학,도매 및 소매업,도매 및 상품 중개업,기타 전문 도매업,,,안백순외 1인
A035200,프럼파스트,코스닥,산업재,자본재,건축자재,제조업,고무 및 플라스틱제품 제조업,플라스틱제품 제조업,,,원재희
A115480,씨유메디칼,코스닥,의료,의료장비 및 서비스,의료 장비 및 서비스,제조업,"의료, 정밀, 광학기기 및 시계 제조업",의료용 기기 제조업,,,나학록외 8인
A088290,이원컴포텍,코스닥,경기소비재,자동차 및 부품,자동차부품,제조업,자동차 및 트레일러 제조업,자동차 신품 부품 제조업,,,(주)디이시
A033250,체시스,유가증권시장,경기소비재,자동차 및 부품,자동차부품,제조업,자동차 및 트레일러 제조업,자동차 신품 부품 제조업,,,(주)MSHC외 2인
A001140,국보,유가증권시장,산업재,운송,육상운수,운수 및 창고업,육상운송 및 파이프라인 운송업,도로 화물 운송업,,,흥아해운(주)외 1인
A006920,모헨즈,코스닥,소재,소재,건축소재,제조업,비금속 광물제품 제조업,"시멘트, 석회, 플라스터 및 그 제품 제조업",,,김기수외 2인
A018700,바른손,코스닥,경기소비재,소비자 서비스,호텔 및 레저,도매 및 소매업,도매 및 상품 중개업,생활용품 도매업,,,바른손이앤에이외 1인
A001810,무림SP,코스닥,소재,소재,종이 및 목재,제조업,"펄프, 종이 및 종이제품 제조업","펄프, 종이 및 판지 제조업",,,이 도 균외 2인
A008470,부스타,코스닥,산업재,자본재,기계,제조업,금속가공제품 제조업; 기계 및 가구 제외,"구조용 금속제품, 탱크 및 증기발생기 제조업",,,유동근외 7인
A032680,소프트센,코스닥,IT,하드웨어,컴퓨터 및 주변기기,정보통신업,정보서비스업,기타 정보 서비스업,,,주식회사 아이티센외 3인
A050110,캠시스,코스닥,IT,하드웨어,휴대폰 및 관련부품,제조업,"전자부품, 컴퓨터, 영상, 음향 및 통신장비 제조업",전자부품 제조업,BB,NA,(주)에이모션외 5인
A038950,파인디지털,코스닥,경기소비재,자동차 및 부품,자동차부품,제조업,"전자부품, 컴퓨터, 영상, 음향 및 통신장비 제조업",통신 및 방송 장비 제조업,,,김용훈외 8인
A009140,경인전자,유가증권시장,IT,하드웨어,전자 장비 및 기기,제조업,"전자부품, 컴퓨터, 영상, 음향 및 통신장비 제조업",전자부품 제조업,,,김효조외 7인
A005320,온타이드,유가증권시장,경기소비재,내구 소비재 및 의류,섬유 및 의복,도매 및 소매업,도매 및 상품 중개업,생활용품 도매업,,,변 효 수외 7인
A045300,성우테크론,코스닥,IT,반도체,반도체 및 관련장비,제조업,"전자부품, 컴퓨터, 영상, 음향 및 통신장비 제조업",전자부품 제조업,,,박찬홍외 5인
A032750,삼진,코스닥,경기소비재,내구 소비재 및 의류,내구소비재,제조업,"전자부품, 컴퓨터, 영상, 음향 및 통신장비 제조업",통신 및 방송 장비 제조업,,,김승철외 5인
A004270,남성,유가증권시장,IT,하드웨어,전자 장비 및 기기,도매 및 소매업,도매 및 상품 중개업,기타 전문 도매업,,,윤남철외 9인
A090150,아이윈,코스닥,경기소비재,자동차 및 부품,자동차부품,제조업,자동차 및 트레일러 제조업,자동차 신품 부품 제조업,,,신태식외 2인
A002820,SUN&L,유가증권시장,소재,소재,종이 및 목재,제조업,목재 및 나무제품 제조업; 가구 제외,나무제품 제조업,,,정연준외 12인
A038060,루멘스,코스닥,IT,디스플레이,디스플레이 및 관련부품,제조업,"전자부품, 컴퓨터, 영상, 음향 및 통신장비 제조업",반도체 제조업,,,루멘스홀딩스외 4인
A009460,한창제지,유가증권시장,소재,소재,종이 및 목재,제조업,"펄프, 종이 및 종이제품 제조업","펄프, 종이 및 판지 제조업",,,김승한외 8인
A051380,피씨디렉트,코스닥,경기소비재,유통,도소매,도매 및 소매업,도매 및 상품 중개업,기계장비 및 관련 물품 도매업,,,서대식
A085810,알티캐스트,코스닥,IT,소프트웨어,일반 소프트웨어,정보통신업,출판업,소프트웨어 개발 및 공급업,,,건인투자외 13인
A006200,한국전자홀딩스,유가증권시장,IT,반도체,반도체 및 관련장비,"전문, 과학 및 기술 서비스업",전문 서비스업,회사 본부 및 경영 컨설팅 서비스업,,,곽 정 소외 9인
A070590,한솔인티큐브,코스닥,IT,소프트웨어,IT 서비스,정보통신업,"컴퓨터 프로그래밍, 시스템 통합 및 관리업","컴퓨터 프로그래밍, 시스템 통합 및 관리업",,,한솔피엔에스(주)외 1인
A900110,이스트아시아홀딩스,코스닥,경기소비재,내구 소비재 및 의류,레저용품,"전문, 과학 및 기술 서비스업",전문 서비스업,회사 본부 및 경영 컨설팅 서비스업,,,정강위외 2인
A131090,시큐브,코스닥,IT,소프트웨어,일반 소프트웨어,정보통신업,출판업,소프트웨어 개발 및 공급업,,,홍기융외 4인
A034940,조아제약,코스닥,의료,제약 및 바이오,제약,제조업,의료용 물질 및 의약품 제조업,의약품 제조업,,,조원기외 1인
A060380,동양에스텍,코스닥,소재,소재,금속 및 광물,제조업,1차 금속 제조업,1차 철강 제조업,,,조은구외 3인
A053290,NE능률,코스닥,경기소비재,소비자 서비스,교육,정보통신업,출판업,"서적, 잡지 및 기타 인쇄물 출판업",,,한국야쿠르트외 2인
A031510,오스템,코스닥,경기소비재,자동차 및 부품,자동차부품,제조업,자동차 및 트레일러 제조업,자동차 신품 부품 제조업,,,김정우외 2인
A009620,삼보산업,코스닥,소재,소재,금속 및 광물,제조업,1차 금속 제조업,1차 비철금속 제조업,,,이태용외 4인
A011080,형지I&C,코스닥,경기소비재,내구 소비재 및 의류,섬유 및 의복,제조업,"의복, 의복 액세서리 및 모피제품 제조업",봉제의복 제조업,B+,NA,최병오외 3인
A070300,엑스큐어,코스닥,IT,하드웨어,휴대폰 및 관련부품,정보통신업,출판업,소프트웨어 개발 및 공급업,,,한솔인티큐브㈜외 5인
A103230,에스앤더블류,코스닥,산업재,자본재,조선,제조업,기타 기계 및 장비 제조업,일반 목적용 기계 제조업,,,정화섭외 2인
A067010,이씨에스,코스닥,IT,소프트웨어,IT 서비스,정보통신업,"컴퓨터 프로그래밍, 시스템 통합 및 관리업","컴퓨터 프로그래밍, 시스템 통합 및 관리업",,,현 해 남외 3인
A047080,한빛소프트,코스닥,IT,소프트웨어,게임 소프트웨어,정보통신업,출판업,소프트웨어 개발 및 공급업,,,(주)티쓰리엔터테인먼트외 3인
A080470,성창오토텍,코스닥,경기소비재,자동차 및 부품,자동차부품,제조업,자동차 및 트레일러 제조업,자동차 신품 부품 제조업,,,고우종외 4인
A069140,누리플랜,코스닥,산업재,상업서비스,상업서비스,제조업,금속가공제품 제조업; 기계 및 가구 제외,"구조용 금속제품, 탱크 및 증기발생기 제조업",,,이상우외 1인
A045510,정원엔시스,코스닥,IT,소프트웨어,IT 서비스,도매 및 소매업,도매 및 상품 중개업,기계장비 및 관련 물품 도매업,,,김현종외 6인
A002070,비비안,유가증권시장,경기소비재,내구 소비재 및 의류,섬유 및 의복,제조업,"의복, 의복 액세서리 및 모피제품 제조업",봉제의복 제조업,,,남상수외 14인
A139670,키네마스터,코스닥,IT,소프트웨어,일반 소프트웨어,정보통신업,출판업,소프트웨어 개발 및 공급업,,,임일택외 3인
A035620,바른손이앤에이,코스닥,IT,소프트웨어,게임 소프트웨어,정보통신업,영상ㆍ오디오 기록물 제작 및 배급업,"영화, 비디오물, 방송프로그램 제작 및 배급업",,,문양권외 4인
A024070,WISCOM,유가증권시장,소재,소재,화학,제조업,고무 및 플라스틱제품 제조업,플라스틱제품 제조업,,,구조웅외 11인
A159910,에코글로우,코스닥,IT,디스플레이,디스플레이 및 관련부품,제조업,화학물질 및 화학제품 제조업; 의약품 제외,기타 화학제품 제조업,,,(주)씨에스외 6인
A069640,한세엠케이,유가증권시장,경기소비재,내구 소비재 및 의류,섬유 및 의복,도매 및 소매업,소매업; 자동차 제외,"섬유, 의복, 신발 및 가죽제품 소매업",,,김상택외 7인
A024890,대원화성,유가증권시장,소재,소재,화학,제조업,고무 및 플라스틱제품 제조업,플라스틱제품 제조업,,,강동엽외 6인
A048470,대동스틸,코스닥,소재,소재,금속 및 광물,도매 및 소매업,도매 및 상품 중개업,기타 전문 도매업,,,임형기외 3인
A016920,카스,코스닥,산업재,자본재,기계,도매 및 소매업,도매 및 상품 중개업,기계장비 및 관련 물품 도매업,,,김동진외 4인
A038530,케이바이오,코스닥,IT,하드웨어,통신장비,도매 및 소매업,도매 및 상품 중개업,생활용품 도매업,,,(주)코아리소시스
A007770,한일화학,코스닥,소재,소재,화학,제조업,화학물질 및 화학제품 제조업; 의약품 제외,기초 화학물질 제조업,,,윤성진외 6인
A012340,뉴인텍,코스닥,산업재,자본재,전기장비,제조업,자동차 및 트레일러 제조업,자동차 신품 부품 제조업,,,장기수외 3인
A044380,주연테크,유가증권시장,IT,하드웨어,컴퓨터 및 주변기기,제조업,"전자부품, 컴퓨터, 영상, 음향 및 통신장비 제조업",컴퓨터 및 주변장치 제조업,,,송시몬
A030720,동원수산,유가증권시장,필수소비재,음식료 및 담배,식료품,"농업, 임업 및 어업",어업,어로 어업,,,왕기철외 6인
A101000,KS인더스트리,코스닥,산업재,자본재,조선,제조업,기타 기계 및 장비 제조업,특수 목적용 기계 제조업,,,(주)세진중공업외 4인
A023770,플레이위드,코스닥,IT,소프트웨어,게임 소프트웨어,정보통신업,출판업,소프트웨어 개발 및 공급업,,,(주)드림아크외 2인
A106080,케이이엠텍,코스닥,IT,하드웨어,휴대폰 및 관련부품,제조업,"전자부품, 컴퓨터, 영상, 음향 및 통신장비 제조업",전자부품 제조업,,,김삼종외 3인
A079650,서산,코스닥,소재,소재,건축소재,제조업,비금속 광물제품 제조업,"시멘트, 석회, 플라스터 및 그 제품 제조업",,,염종학외 3인
A035460,기산텔레콤,코스닥,IT,하드웨어,통신장비,제조업,"전자부품, 컴퓨터, 영상, 음향 및 통신장비 제조업",통신 및 방송 장비 제조업,,,박병기외 2인
A093380,풍강,코스닥,경기소비재,자동차 및 부품,자동차부품,제조업,금속가공제품 제조업; 기계 및 가구 제외,기타 금속 가공제품 제조업,,,김창진외 7인
A115610,이미지스,코스닥,IT,하드웨어,휴대폰 및 관련부품,제조업,"전자부품, 컴퓨터, 영상, 음향 및 통신장비 제조업",반도체 제조업,,,김정철외 1인
A036480,대성미생물,코스닥,의료,제약 및 바이오,제약,제조업,의료용 물질 및 의약품 제조업,의약품 제조업,,,이동규외 1인
A131180,딜리,코스닥,IT,하드웨어,컴퓨터 및 주변기기,제조업,"전자부품, 컴퓨터, 영상, 음향 및 통신장비 제조업",컴퓨터 및 주변장치 제조업,,,최근수외 8인
A113810,디젠스,코스닥,경기소비재,자동차 및 부품,자동차부품,제조업,자동차 및 트레일러 제조업,자동차 신품 부품 제조업,,,디에이치코리아㈜
A032080,아즈텍WB,코스닥,경기소비재,내구 소비재 및 의류,섬유 및 의복,제조업,섬유제품 제조업; 의복제외,"섬유제품 염색, 정리 및 마무리 가공업",,,허재명외 4인
A137940,넥스트아이,코스닥,IT,디스플레이,디스플레이 및 관련부품,제조업,"의료, 정밀, 광학기기 및 시계 제조업","측정, 시험, 항해, 제어 및 기타 정밀기기 제조업; 광학기기 제외",,,마연수외 9인
A091340,S&K폴리텍,코스닥,IT,하드웨어,전자 장비 및 기기,제조업,"전자부품, 컴퓨터, 영상, 음향 및 통신장비 제조업",전자부품 제조업,,,강원형외 1인
A043220,티에스넥스젠,코스닥,IT,하드웨어,휴대폰 및 관련부품,제조업,기타 기계 및 장비 제조업,특수 목적용 기계 제조업,,,(주)씨에스제이네트웍스외 1인
A076080,웰크론한텍,코스닥,산업재,자본재,건설,건설업,종합 건설업,건물 건설업,,,(주)웰크론외 3인
A021040,대호특수강,코스닥,소재,소재,금속 및 광물,제조업,1차 금속 제조업,1차 철강 제조업,,,(주)디에스피
A900100,애머릿지,코스닥,경기소비재,자동차 및 부품,자동차부품,도매 및 소매업,자동차 및 부품 판매업,자동차 부품 및 내장품 판매업,,,Edward E. Kim & Barbara M. Kim Living Trust외 2인
A089230,THE E&M,코스닥,산업재,자본재,기계,정보통신업,정보서비스업,기타 정보 서비스업,,,현진소재외 2인
A065650,하이퍼코퍼레이션,코스닥,IT,하드웨어,컴퓨터 및 주변기기,도매 및 소매업,도매 및 상품 중개업,기계장비 및 관련 물품 도매업,,,묵현상외 5인
A084870,TBH글로벌,유가증권시장,경기소비재,내구 소비재 및 의류,섬유 및 의복,제조업,"의복, 의복 액세서리 및 모피제품 제조업",봉제의복 제조업,,,우종완외 13인
A005110,한창,유가증권시장,IT,하드웨어,통신장비,도매 및 소매업,도매 및 상품 중개업,기계장비 및 관련 물품 도매업,,,에이치제이에프앤아이
A095910,에스에너지,코스닥,에너지,에너지,에너지 시설 및 서비스,제조업,전기장비 제조업,"전동기, 발전기 및 전기 변환ㆍ 공급ㆍ제어 장치 제조업",,,홍성민외 1인
A037400,우리엔터프라이즈,코스닥,필수소비재,생활용품,가정생활용품,도매 및 소매업,도매 및 상품 중개업,상품 종합 도매업,,,윤철주외 3인
A033050,제이엠아이,코스닥,IT,디스플레이,디스플레이 및 관련부품,제조업,화학물질 및 화학제품 제조업; 의약품 제외,기타 화학제품 제조업,,,정광훈외 4인
A002210,동성제약,유가증권시장,의료,제약 및 바이오,제약,제조업,의료용 물질 및 의약품 제조업,의약품 제조업,,,이양구외 2인
A094860,네오리진,코스닥,IT,하드웨어,통신장비,정보통신업,출판업,소프트웨어 개발 및 공급업,,,조명제외 4인
A076610,해성옵틱스,코스닥,IT,하드웨어,휴대폰 및 관련부품,제조업,"의료, 정밀, 광학기기 및 시계 제조업",사진장비 및 광학기기 제조업,,,이을성외 7인
A001420,태원물산,유가증권시장,경기소비재,자동차 및 부품,자동차부품,제조업,자동차 및 트레일러 제조업,자동차 신품 부품 제조업,,,강백영외 12인
A014910,성문전자,유가증권시장,산업재,자본재,전기장비,제조업,"전자부품, 컴퓨터, 영상, 음향 및 통신장비 제조업",전자부품 제조업,,,신동열외 5인
A177350,베셀,코스닥,IT,반도체,반도체 및 관련장비,제조업,기타 기계 및 장비 제조업,특수 목적용 기계 제조업,,,서기만외 5인
A015020,이스타코,유가증권시장,금융,부동산,부동산,부동산업,부동산업,부동산 임대 및 공급업,,,김승제
A044480,빌리언스,코스닥,필수소비재,생활용품,개인생활용품,제조업,고무 및 플라스틱제품 제조업,고무제품 제조업,,,김덕성외 3인
A044780,에이치케이,코스닥,산업재,자본재,기계,제조업,기타 기계 및 장비 제조업,특수 목적용 기계 제조업,,,계명재외 1인
A088790,진도,유가증권시장,경기소비재,내구 소비재 및 의류,섬유 및 의복,도매 및 소매업,도매 및 상품 중개업,기타 전문 도매업,,,(주)임오파트너스외 4인
A018620,우진비앤지,코스닥,의료,제약 및 바이오,제약,제조업,의료용 물질 및 의약품 제조업,의약품 제조업,,,강재구외 4인
A115570,스타플렉스,코스닥,경기소비재,미디어,미디어,제조업,고무 및 플라스틱제품 제조업,플라스틱제품 제조업,,,김세권외 4인
A139050,BF랩스,코스닥,산업재,운송,운송인프라,정보통신업,"컴퓨터 프로그래밍, 시스템 통합 및 관리업","컴퓨터 프로그래밍, 시스템 통합 및 관리업",,,양남문
A091970,나노캠텍,코스닥,소재,소재,화학,제조업,고무 및 플라스틱제품 제조업,플라스틱제품 제조업,,,백운필외 4인
A039740,한국정보공학,코스닥,경기소비재,유통,도소매,도매 및 소매업,도매 및 상품 중개업,기타 전문 도매업,,,유용석외 5인
A039310,세중,코스닥,경기소비재,소비자 서비스,호텔 및 레저,정보통신업,출판업,소프트웨어 개발 및 공급업,,,천신일외 6인
A007120,미래아이앤지,유가증권시장,IT,하드웨어,보안장비,정보통신업,"컴퓨터 프로그래밍, 시스템 통합 및 관리업","컴퓨터 프로그래밍, 시스템 통합 및 관리업",,,비엑스티리조트개발(주)외 2인
A060230,제이케이시냅스,코스닥,IT,디스플레이,디스플레이 및 관련부품,제조업,화학물질 및 화학제품 제조업; 의약품 제외,기타 화학제품 제조업,,,조근호외 5인
A050760,에스폴리텍,코스닥,산업재,자본재,건축자재,제조업,고무 및 플라스틱제품 제조업,플라스틱제품 제조업,,,이혁렬외 2인
A002680,한탑,코스닥,필수소비재,음식료 및 담배,식료품,제조업,식료품 제조업,"곡물가공품, 전분 및 전분제품 제조업",,,류지훈외 3인
A032800,판타지오,코스닥,경기소비재,소비자 서비스,교육,"예술, 스포츠 및 여가관련 서비스업","창작, 예술 및 여가관련 서비스업",창작 및 예술관련 서비스업,,,에듀심포니(주)외 3인
A065150,대산F&B,코스닥,경기소비재,소비자 서비스,호텔 및 레저,도매 및 소매업,도매 및 상품 중개업,음ㆍ식료품 및 담배 도매업,,,정우현 5인
A121890,에스디시스템,코스닥,산업재,운송,운송인프라,제조업,"전자부품, 컴퓨터, 영상, 음향 및 통신장비 제조업",전자부품 제조업,,,박봉용외 2인
A051780,큐로홀딩스,코스닥,IT,반도체,반도체 및 관련장비,도매 및 소매업,소매업; 자동차 제외,음ㆍ식료품 및 담배 소매업,,,권경훈외 6인
A900070,글로벌에스엠,코스닥,산업재,자본재,기계,"전문, 과학 및 기술 서비스업",전문 서비스업,회사 본부 및 경영 컨설팅 서비스업,,,㈜서울메탈홀딩스외 6인
A073540,에프알텍,코스닥,IT,하드웨어,통신장비,제조업,"전자부품, 컴퓨터, 영상, 음향 및 통신장비 제조업",통신 및 방송 장비 제조업,,,남재국외 2인
A045520,크린앤사이언스,코스닥,경기소비재,자동차 및 부품,자동차부품,제조업,기타 기계 및 장비 제조업,일반 목적용 기계 제조업,,,최재호외 2인
A115530,씨엔플러스,코스닥,IT,디스플레이,디스플레이 및 관련부품,제조업,"전자부품, 컴퓨터, 영상, 음향 및 통신장비 제조업",전자부품 제조업,,,한무근외 7인
A032280,삼일,코스닥,산업재,운송,육상운수,운수 및 창고업,육상운송 및 파이프라인 운송업,도로 화물 운송업,,,(학)벽산학원외 14인
A008600,윌비스,유가증권시장,경기소비재,내구 소비재 및 의류,섬유 및 의복,도매 및 소매업,도매 및 상품 중개업,생활용품 도매업,B+,NA,전병현외 2인
A054220,비츠로시스,코스닥,산업재,상업서비스,상업서비스,제조업,전기장비 제조업,"전동기, 발전기 및 전기 변환ㆍ 공급ㆍ제어 장치 제조업",,,장태수외 3인
A053060,세동,코스닥,경기소비재,자동차 및 부품,자동차부품,제조업,자동차 및 트레일러 제조업,자동차 신품 부품 제조업,,,윤 정 상외 2인
A098660,에스티오,코스닥,경기소비재,내구 소비재 및 의류,섬유 및 의복,제조업,"의복, 의복 액세서리 및 모피제품 제조업",봉제의복 제조업,,,김흥수외 1인
A054940,엑사이엔씨,코스닥,IT,반도체,반도체 및 관련장비,건설업,전문직별 공사업,실내건축 및 건축마무리 공사업,BB,NA,구자극외 4인
A025870,신라에스지,코스닥,필수소비재,음식료 및 담배,식료품,도매 및 소매업,도매 및 상품 중개업,음ㆍ식료품 및 담배 도매업,,,(주)신라홀딩스외 4인
A008500,일정실업,유가증권시장,경기소비재,자동차 및 부품,자동차부품,제조업,섬유제품 제조업; 의복제외,편조원단 제조업,,,고동수외 6인
A106240,파인테크닉스,코스닥,IT,디스플레이,디스플레이 및 관련부품,제조업,전기장비 제조업,전구 및 조명장치 제조업,,,홍성천외 3인
A001770,SHD,유가증권시장,소재,소재,금속 및 광물,제조업,1차 금속 제조업,1차 철강 제조업,,,신정국외 11인
A014100,메디앙스,코스닥,필수소비재,생활용품,개인생활용품,도매 및 소매업,도매 및 상품 중개업,상품 종합 도매업,,,김은정외 1인
A017250,인터엠,코스닥,IT,하드웨어,전자 장비 및 기기,제조업,"전자부품, 컴퓨터, 영상, 음향 및 통신장비 제조업",영상 및 음향기기 제조업,,,조순구외 4인
A154040,다산솔루에타,코스닥,IT,하드웨어,전자 장비 및 기기,제조업,"전자부품, 컴퓨터, 영상, 음향 및 통신장비 제조업",전자부품 제조업,,,조재위외 6인
A015260,에이엔피,유가증권시장,경기소비재,자동차 및 부품,자동차부품,제조업,"전자부품, 컴퓨터, 영상, 음향 및 통신장비 제조업",전자부품 제조업,,,전운관외 3인
A130740,티피씨글로벌,코스닥,경기소비재,자동차 및 부품,자동차부품,제조업,자동차 및 트레일러 제조업,자동차 신품 부품 제조업,,,이정훈외 1인
A083640,인콘,코스닥,IT,하드웨어,보안장비,도매 및 소매업,도매 및 상품 중개업,상품 종합 도매업,,,방준혁
A101400,엔시트론,코스닥,IT,반도체,반도체 및 관련장비,제조업,"전자부품, 컴퓨터, 영상, 음향 및 통신장비 제조업",반도체 제조업,,,(주)티알에스외 3인
A073190,듀오백,코스닥,경기소비재,내구 소비재 및 의류,내구소비재,제조업,가구 제조업,가구 제조업,,,정관영외 11인
A054090,삼진엘앤디,코스닥,IT,디스플레이,디스플레이 및 관련부품,제조업,기타 제품 제조업,그 외 기타 제품 제조업,,,이경재외 7인
A054410,케이피티유,코스닥,소재,소재,금속 및 광물,제조업,금속가공제품 제조업; 기계 및 가구 제외,기타 금속 가공제품 제조업,,,박도봉외 4인
A043360,디지아이,코스닥,IT,하드웨어,컴퓨터 및 주변기기,제조업,"전자부품, 컴퓨터, 영상, 음향 및 통신장비 제조업",컴퓨터 및 주변장치 제조업,,,최관수외 7인
A134060,이퓨쳐,코스닥,경기소비재,소비자 서비스,교육,정보통신업,출판업,"서적, 잡지 및 기타 인쇄물 출판업",,,이기현외 3인
A025890,한국주강,유가증권시장,소재,소재,금속 및 광물,제조업,기타 기계 및 장비 제조업,특수 목적용 기계 제조업,,,하종식외 8인
A028080,휴맥스홀딩스,코스닥,IT,하드웨어,셋톱 박스,정보통신업,"컴퓨터 프로그래밍, 시스템 통합 및 관리업","컴퓨터 프로그래밍, 시스템 통합 및 관리업",,,변대규외 3인
A012170,아센디오,유가증권시장,에너지,에너지,석유 및 가스,정보통신업,영상ㆍ오디오 기록물 제작 및 배급업,"영화, 비디오물, 방송프로그램 제작 및 배급업",,,"Tom L, Scholl"
A009310,참엔지니어링,유가증권시장,IT,디스플레이,디스플레이 및 관련부품,제조업,기타 기계 및 장비 제조업,특수 목적용 기계 제조업,,,한인수외 17인
A067770,세진티에스,코스닥,IT,디스플레이,디스플레이 및 관련부품,제조업,"전자부품, 컴퓨터, 영상, 음향 및 통신장비 제조업",전자부품 제조업,,,김인식외 5인
A008290,원풍물산,코스닥,경기소비재,내구 소비재 및 의류,섬유 및 의복,제조업,"의복, 의복 액세서리 및 모피제품 제조업",봉제의복 제조업,,,이두식외 5인
A020400,대동금속,코스닥,경기소비재,자동차 및 부품,자동차부품,제조업,1차 금속 제조업,금속 주조업,,,대동공업(주)
A019570,플루토스,코스닥,금융,기타금융,창업투자 및 종금,금융 및 보험업,금융업,신탁업 및 집합투자업,,,손영호외 2인
A032980,바이온,코스닥,소재,소재,화학,도매 및 소매업,도매 및 상품 중개업,음ㆍ식료품 및 담배 도매업,,,더블유글로벌1호조합
A079190,케스피온,코스닥,IT,하드웨어,휴대폰 및 관련부품,제조업,"전자부품, 컴퓨터, 영상, 음향 및 통신장비 제조업",통신 및 방송 장비 제조업,,,류병훈외 4인
A065690,파커스,코스닥,IT,하드웨어,컴퓨터 및 주변기기,제조업,고무 및 플라스틱제품 제조업,고무제품 제조업,,,박창식외 6인
A048830,엔피케이,코스닥,소재,소재,화학,제조업,화학물질 및 화학제품 제조업; 의약품 제외,합성고무 및 플라스틱 물질 제조업,,,NIPPON PIGMENT외 3인
A083470,이엠앤아이,코스닥,IT,하드웨어,휴대폰 및 관련부품,제조업,화학물질 및 화학제품 제조업; 의약품 제외,기초 화학물질 제조업,,,이기태외 2인
A101680,한국정밀기계,코스닥,산업재,자본재,기계,제조업,기타 기계 및 장비 제조업,특수 목적용 기계 제조업,,,하종식외 14인
A065060,지엔코,코스닥,경기소비재,내구 소비재 및 의류,섬유 및 의복,제조업,"의복, 의복 액세서리 및 모피제품 제조업",봉제의복 제조업,,,(주)큐로컴외 2인
A009440,KC그린홀딩스,유가증권시장,산업재,상업서비스,상업서비스,"전문, 과학 및 기술 서비스업",전문 서비스업,회사 본부 및 경영 컨설팅 서비스업,,,이태영외 7인
A035290,골드앤에스,코스닥,경기소비재,소비자 서비스,교육,정보통신업,출판업,"서적, 잡지 및 기타 인쇄물 출판업",,,우국환외 8인
A050090,비케이홀딩스,코스닥,IT,디스플레이,디스플레이 및 관련부품,"전문, 과학 및 기술 서비스업",전문 서비스업,광고업,,,홍석규외 8인
A060260,뉴보텍,코스닥,산업재,자본재,건축자재,제조업,고무 및 플라스틱제품 제조업,플라스틱제품 제조업,,,한거희외 2인
A900120,씨엑스아이,코스닥,의료,제약 및 바이오,바이오,"전문, 과학 및 기술 서비스업",전문 서비스업,회사 본부 및 경영 컨설팅 서비스업,,,왕위에런
A123750,알톤,코스닥,경기소비재,내구 소비재 및 의류,레저용품,제조업,기타 운송장비 제조업,그 외 기타 운송장비 제조업,,,박찬우(*)외 3인
A044180,KD,코스닥,산업재,자본재,기계,건설업,종합 건설업,건물 건설업,,,(주)국제실업외 1인
A043590,웰킵스하이텍,코스닥,IT,하드웨어,전자 장비 및 기기,제조업,"전자부품, 컴퓨터, 영상, 음향 및 통신장비 제조업",반도체 제조업,,,송한준외 1인
A065420,에스아이리소스,코스닥,에너지,에너지,에너지 시설 및 서비스,제조업,화학물질 및 화학제품 제조업; 의약품 제외,기타 화학제품 제조업,,,최경덕외 3인
A026910,광진실업,코스닥,소재,소재,금속 및 광물,제조업,1차 금속 제조업,1차 철강 제조업,,,허정도외 4인
A096870,엘디티,코스닥,IT,디스플레이,디스플레이 및 관련부품,제조업,"전자부품, 컴퓨터, 영상, 음향 및 통신장비 제조업",반도체 제조업,,,(주)티에스이외 1인
A121850,코이즈,코스닥,IT,디스플레이,디스플레이 및 관련부품,제조업,고무 및 플라스틱제품 제조업,플라스틱제품 제조업,,,조재형외 2인
A069330,유아이디,코스닥,IT,디스플레이,디스플레이 및 관련부품,제조업,"전자부품, 컴퓨터, 영상, 음향 및 통신장비 제조업",전자부품 제조업,,,박종수외 6인
A106520,노블엠앤비,코스닥,IT,하드웨어,휴대폰 및 관련부품,제조업,"의료, 정밀, 광학기기 및 시계 제조업",사진장비 및 광학기기 제조업,,,튜더앤컴퍼니(주)
A065770,CS,코스닥,IT,하드웨어,통신장비,제조업,"전자부품, 컴퓨터, 영상, 음향 및 통신장비 제조업",통신 및 방송 장비 제조업,,,이홍배외 1인
A065170,비엘팜텍,코스닥,필수소비재,음식료 및 담배,식료품,도매 및 소매업,도매 및 상품 중개업,음ㆍ식료품 및 담배 도매업,,,문원국외 3인
A052770,아이톡시,코스닥,IT,소프트웨어,게임 소프트웨어,정보통신업,출판업,소프트웨어 개발 및 공급업,,,시니안유한회사 외 2인
A092600,앤씨앤,코스닥,IT,하드웨어,보안장비,제조업,"전자부품, 컴퓨터, 영상, 음향 및 통신장비 제조업",반도체 제조업,,,김경수외 3인
A027040,서울전자통신,코스닥,산업재,자본재,전기장비,제조업,전기장비 제조업,"전동기, 발전기 및 전기 변환ㆍ 공급ㆍ제어 장치 제조업",,,김광수외 2인
A030350,드래곤플라이,코스닥,IT,소프트웨어,게임 소프트웨어,정보통신업,출판업,소프트웨어 개발 및 공급업,,,박철우외 7인
A031860,디에이치엑스컴퍼니,코스닥,경기소비재,내구 소비재 및 의류,레저용품,도매 및 소매업,도매 및 상품 중개업,상품 종합 도매업,,,권현진외 2인
A054180,메디콕스,코스닥,산업재,자본재,조선,제조업,기타 운송장비 제조업,선박 및 보트 건조업,,,전병철외 2인
A054630,에이디칩스,코스닥,IT,반도체,반도체 및 관련장비,제조업,기타 제품 제조업,그 외 기타 제품 제조업,,,권 기 홍외 1인
A065570,삼영이엔씨,코스닥,산업재,자본재,조선,제조업,"전자부품, 컴퓨터, 영상, 음향 및 통신장비 제조업",통신 및 방송 장비 제조업,,,황 원외 1인
A058450,한주에이알티,코스닥,IT,하드웨어,휴대폰 및 관련부품,정보통신업,영상ㆍ오디오 기록물 제작 및 배급업,"영화, 비디오물, 방송프로그램 제작 및 배급업",,,강재우외 3인
A060240,스타코링크,코스닥,경기소비재,소비자 서비스,교육,제조업,기타 운송장비 제조업,선박 및 보트 건조업,,,RICHWISE HONG KONG DEVELOPMENT LIMITED
A079950,인베니아,코스닥,IT,디스플레이,디스플레이 및 관련부품,제조업,기타 기계 및 장비 제조업,특수 목적용 기계 제조업,,,구자준외 6인
A079970,투비소프트,코스닥,IT,소프트웨어,일반 소프트웨어,정보통신업,출판업,소프트웨어 개발 및 공급업,,,송화준외 9인
A101390,아이엠,코스닥,IT,하드웨어,전자 장비 및 기기,제조업,"전자부품, 컴퓨터, 영상, 음향 및 통신장비 제조업",전자부품 제조업,,,손을재외 7인
A043090,더테크놀로지,코스닥,의료,제약 및 바이오,제약,도매 및 소매업,도매 및 상품 중개업,기타 전문 도매업,,,(주)메리트인
A102950,아하,KONEX,,,,제조업,"전자부품, 컴퓨터, 영상, 음향 및 통신장비 제조업",전자부품 제조업,,,
A179720,머니무브,KONEX,IT,소프트웨어,인터넷 서비스,금융 및 보험업,금융업,기타 금융업,,,이상규외 8인
A178600,대동고려삼,KONEX,필수소비재,음식료 및 담배,음료,제조업,식료품 제조업,기타 식품 제조업,,,최성근외 2인
A114920,대주이엔티,KONEX,소재,소재,금속 및 광물,제조업,1차 금속 제조업,1차 철강 제조업,,,박광수외 15인
A189350,코셋,KONEX,IT,하드웨어,통신장비,제조업,"전자부품, 컴퓨터, 영상, 음향 및 통신장비 제조업",통신 및 방송 장비 제조업,,,오치형외 3인
A185190,수프로,KONEX,소재,소재,종이 및 목재,도매 및 소매업,도매 및 상품 중개업,산업용 농ㆍ축산물 및 동ㆍ식물 도매업,,,채 일외 5인
A116100,태양기계,KONEX,경기소비재,자동차 및 부품,자동차부품,제조업,자동차 및 트레일러 제조업,자동차 신품 부품 제조업,,,박창엽외 7인
A140660,위월드,KONEX,IT,하드웨어,통신장비,제조업,"전자부품, 컴퓨터, 영상, 음향 및 통신장비 제조업",통신 및 방송 장비 제조업,,,박찬구외 5인